Jahr,Monat,Tag,Strom
2014,2,1,0.0
2014,2,2,0.0
2014,2,3,0.0
2014,2,4,0.0
2014,2,5,0.0
2014,2,6,0.0
2014,2,7,0.0
2014,2,8,0.0
2014,2,9,0.0
2014,2,10,0.0
2014,2,11,0.0
2014,2,12,0.0
2014,2,13,0.0
2014,2,14,0.0
2014,2,15,0.0
2014,2,16,0.0
2014,2,17,0.0
2014,2,18,0.0
2014,2,19,0.0
2014,2,20,0.0
2014,2,21,0.0
2014,2,22,0.0
2014,2,23,0.0
2014,2,24,0.0
2014,2,25,0.0
2014,2,26,0.0
2014,2,27,0.0
2014,2,28,1513140.0
2014,3,1,0.0
2014,3,2,0.0
2014,3,3,0.0
2014,3,4,0.0
2014,3,5,0.0
2014,3,6,0.0
2014,3,7,0.0
2014,3,8,0.0
2014,3,9,0.0
2014,3,10,0.0
2014,3,11,0.0
2014,3,12,0.0
2014,3,13,0.0
2014,3,14,0.0
2014,3,15,0.0
2014,3,16,0.0
2014,3,17,0.0
2014,3,18,0.0
2014,3,19,0.0
2014,3,20,0.0
2014,3,21,0.0
2014,3,22,0.0
2014,3,23,0.0
2014,3,24,0.0
2014,3,25,0.0
2014,3,26,0.0
2014,3,27,0.0
2014,3,28,0.0
2014,3,29,0.0
2014,3,30,0.0
2014,3,31,1527480.0
2014,4,1,0.0
2014,4,2,0.0
2014,4,3,0.0
2014,4,4,0.0
2014,4,5,0.0
2014,4,6,0.0
2014,4,7,0.0
2014,4,8,0.0
2014,4,9,0.0
2014,4,10,0.0
2014,4,11,0.0
2014,4,12,0.0
2014,4,13,0.0
2014,4,14,0.0
2014,4,15,0.0
2014,4,16,0.0
2014,4,17,0.0
2014,4,18,0.0
2014,4,19,0.0
2014,4,20,0.0
2014,4,21,0.0
2014,4,22,0.0
2014,4,23,0.0
2014,4,24,0.0
2014,4,25,0.0
2014,4,26,0.0
2014,4,27,0.0
2014,4,28,0.0
2014,4,29,0.0
2014,4,30,1501080.0
2014,5,1,0.0
2014,5,2,0.0
2014,5,3,0.0
2014,5,4,0.0
2014,5,5,0.0
2014,5,6,0.0
2014,5,7,0.0
2014,5,8,0.0
2014,5,9,0.0
2014,5,10,0.0
2014,5,11,0.0
2014,5,12,0.0
2014,5,13,0.0
2014,5,14,0.0
2014,5,15,0.0
2014,5,16,0.0
2014,5,17,0.0
2014,5,18,0.0
2014,5,19,0.0
2014,5,20,0.0
2014,5,21,0.0
2014,5,22,0.0
2014,5,23,0.0
2014,5,24,0.0
2014,5,25,0.0
2014,5,26,0.0
2014,5,27,0.0
2014,5,28,0.0
2014,5,29,0.0
2014,5,30,0.0
2014,5,31,1627380.0
2014,6,1,0.0
2014,6,2,0.0
2014,6,3,0.0
2014,6,4,0.0
2014,6,5,0.0
2014,6,6,0.0
2014,6,7,0.0
2014,6,8,0.0
2014,6,9,0.0
2014,6,10,0.0
2014,6,11,0.0
2014,6,12,0.0
2014,6,13,0.0
2014,6,14,0.0
2014,6,15,0.0
2014,6,16,0.0
2014,6,17,0.0
2014,6,18,0.0
2014,6,19,0.0
2014,6,20,0.0
2014,6,21,0.0
2014,6,22,0.0
2014,6,23,0.0
2014,6,24,0.0
2014,6,25,0.0
2014,6,26,0.0
2014,6,27,0.0
2014,6,28,0.0
2014,6,29,0.0
2014,6,30,1661760.0
2014,7,1,0.0
2014,7,2,0.0
2014,7,3,0.0
2014,7,4,0.0
2014,7,5,0.0
2014,7,6,0.0
2014,7,7,0.0
2014,7,8,0.0
2014,7,9,0.0
2014,7,10,0.0
2014,7,11,0.0
2014,7,12,0.0
2014,7,13,0.0
2014,7,14,0.0
2014,7,15,0.0
2014,7,16,0.0
2014,7,17,0.0
2014,7,18,0.0
2014,7,19,0.0
2014,7,20,0.0
2014,7,21,0.0
2014,7,22,0.0
2014,7,23,0.0
2014,7,24,0.0
2014,7,25,0.0
2014,7,26,0.0
2014,7,27,0.0
2014,7,28,0.0
2014,7,29,0.0
2014,7,30,0.0
2014,7,31,1768680.0
2014,8,1,0.0
2014,8,2,0.0
2014,8,3,0.0
2014,8,4,0.0
2014,8,5,0.0
2014,8,6,0.0
2014,8,7,0.0
2014,8,8,0.0
2014,8,9,0.0
2014,8,10,0.0
2014,8,11,0.0
2014,8,12,0.0
2014,8,13,0.0
2014,8,14,0.0
2014,8,15,0.0
2014,8,16,0.0
2014,8,17,0.0
2014,8,18,0.0
2014,8,19,0.0
2014,8,20,0.0
2014,8,21,0.0
2014,8,22,0.0
2014,8,23,0.0
2014,8,24,0.0
2014,8,25,0.0
2014,8,26,0.0
2014,8,27,0.0
2014,8,28,0.0
2014,8,29,0.0
2014,8,30,0.0
2014,8,31,1671063.0
2014,9,1,0.0
2014,9,2,0.0
2014,9,3,0.0
2014,9,4,0.0
2014,9,5,0.0
2014,9,6,0.0
2014,9,7,0.0
2014,9,8,0.0
2014,9,9,0.0
2014,9,10,0.0
2014,9,11,0.0
2014,9,12,0.0
2014,9,13,0.0
2014,9,14,0.0
2014,9,15,0.0
2014,9,16,0.0
2014,9,17,0.0
2014,9,18,0.0
2014,9,19,0.0
2014,9,20,0.0
2014,9,21,0.0
2014,9,22,0.0
2014,9,23,0.0
2014,9,24,0.0
2014,9,25,0.0
2014,9,26,0.0
2014,9,27,0.0
2014,9,28,0.0
2014,9,29,0.0
2014,9,30,1544972.0
2014,10,1,0.0
2014,10,2,0.0
2014,10,3,0.0
2014,10,4,0.0
2014,10,5,0.0
2014,10,6,0.0
2014,10,7,0.0
2014,10,8,0.0
2014,10,9,0.0
2014,10,10,0.0
2014,10,11,0.0
2014,10,12,0.0
2014,10,13,0.0
2014,10,14,0.0
2014,10,15,0.0
2014,10,16,0.0
2014,10,17,0.0
2014,10,18,0.0
2014,10,19,0.0
2014,10,20,0.0
2014,10,21,0.0
2014,10,22,0.0
2014,10,23,0.0
2014,10,24,0.0
2014,10,25,0.0
2014,10,26,0.0
2014,10,27,0.0
2014,10,28,0.0
2014,10,29,0.0
2014,10,30,0.0
2014,10,31,1644480.0
2014,11,1,0.0
2014,11,2,0.0
2014,11,3,0.0
2014,11,4,0.0
2014,11,5,0.0
2014,11,6,0.0
2014,11,7,0.0
2014,11,8,0.0
2014,11,9,0.0
2014,11,10,0.0
2014,11,11,0.0
2014,11,12,0.0
2014,11,13,0.0
2014,11,14,0.0
2014,11,15,0.0
2014,11,16,0.0
2014,11,17,0.0
2014,11,18,0.0
2014,11,19,0.0
2014,11,20,0.0
2014,11,21,0.0
2014,11,22,0.0
2014,11,23,0.0
2014,11,24,0.0
2014,11,25,0.0
2014,11,26,0.0
2014,11,27,0.0
2014,11,28,0.0
2014,11,29,0.0
2014,11,30,1541711.0
2014,12,1,0.0
2014,12,2,0.0
2014,12,3,0.0
2014,12,4,0.0
2014,12,5,0.0
2014,12,6,0.0
2014,12,7,0.0
2014,12,8,0.0
2014,12,9,0.0
2014,12,10,0.0
2014,12,11,0.0
2014,12,12,0.0
2014,12,13,0.0
2014,12,14,0.0
2014,12,15,0.0
2014,12,16,0.0
2014,12,17,0.0
2014,12,18,0.0
2014,12,19,0.0
2014,12,20,0.0
2014,12,21,0.0
2014,12,22,0.0
2014,12,23,0.0
2014,12,24,0.0
2014,12,25,0.0
2014,12,26,0.0
2014,12,27,0.0
2014,12,28,0.0
2014,12,29,0.0
2014,12,30,0.0
2014,12,31,1668766.0
2015,1,1,100000.0
2015,1,2,100000.0
2015,1,3,100000.0
2015,1,4,100000.0
2015,1,5,100000.0
2015,1,6,100000.0
2015,1,7,100000.0
2015,1,8,100000.0
2015,1,9,100000.0
2015,1,10,100000.0
2015,1,11,100000.0
2015,1,12,100000.0
2015,1,13,100000.0
2015,1,14,100000.0
2015,1,15,118000.0
2015,1,16,0.0
2015,1,17,0.0
2015,1,18,0.0
2015,1,19,0.0
2015,1,20,0.0
2015,1,21,0.0
2015,1,22,0.0
2015,1,23,0.0
2015,1,24,0.0
2015,1,25,0.0
2015,1,26,0.0
2015,1,27,0.0
2015,1,28,0.0
2015,1,29,0.0
2015,1,30,0.0
2015,1,31,190000.0
2015,2,1,61395.0
2015,2,2,61395.0
2015,2,3,61395.0
2015,2,4,20605.3
2015,2,5,60696.2
2015,2,6,58295.8
2015,2,7,49342.6
2015,2,8,36750.1
2015,2,9,61395.6
2015,2,10,56496.0
2015,2,11,56996.0
2015,2,12,56096.0
2015,2,13,56048.7
2015,2,14,46596.8
2015,2,15,35442.4
2015,2,16,55396.4
2015,2,17,57896.0
2015,2,18,59695.4
2015,2,19,58096.2
2015,2,20,55396.4
2015,2,21,43895.7
2015,2,22,35195.8
2015,2,23,54295.8
2015,2,24,53496.2
2015,2,25,51060.6
2015,2,26,52596.7
2015,2,27,49930.3
2015,2,28,41692.4
2015,3,1,33190.9
2015,3,2,50897.0
2015,3,3,52296.7
2015,3,4,53399.4
2015,3,5,54296.4
2015,3,6,52896.0
2015,3,7,41396.0
2015,3,8,32395.6
2015,3,9,51896.4
2015,3,10,51599.5
2015,3,11,54492.1
2015,3,12,54896.0
2015,3,13,53819.6
2015,3,14,44297.0
2015,3,15,32797.0
2015,3,16,49996.7
2015,3,17,49997.3
2015,3,18,49597.0
2015,3,19,51460.8
2015,3,20,50786.5
2015,3,21,38997.0
2015,3,22,30197.3
2015,3,23,51796.7
2015,3,24,48802.4
2015,3,25,51091.5
2015,3,26,50101.3
2015,3,27,48792.7
2015,3,28,37197.0
2015,3,29,27897.0
2015,3,30,48797.3
2015,3,31,48297.0
2015,4,1,51674.7
2015,4,2,47047.8
2015,4,3,45768.1
2015,4,4,34902.1
2015,4,5,29485.8
2015,4,6,43496.4
2015,4,7,47204.0
2015,4,8,47296.7
2015,4,9,45396.3
2015,4,10,45597.0
2015,4,11,38685.5
2015,4,12,28222.2
2015,4,13,49083.6
2015,4,14,49297.0
2015,4,15,53080.8
2015,4,16,56613.3
2015,4,17,50878.7
2015,4,18,39534.7
2015,4,19,28998.0
2015,4,20,47076.9
2015,4,21,50474.9
2015,4,22,52918.8
2015,4,23,51397.3
2015,4,24,51097.0
2015,4,25,42871.3
2015,4,26,32922.7
2015,4,27,54768.9
2015,4,28,52525.1
2015,4,29,50897.1
2015,4,30,50497.2
2015,5,1,41197.0
2015,5,2,37164.0
2015,5,3,32130.0
2015,5,4,54062.0
2015,5,5,56895.8
2015,5,6,53896.2
2015,5,7,53096.0
2015,5,8,53996.4
2015,5,9,43135.6
2015,5,10,33096.7
2015,5,11,52497.5
2015,5,12,54497.2
2015,5,13,56352.9
2015,5,14,42941.1
2015,5,15,47597.0
2015,5,16,18337.7
2015,5,17,0.0
2015,5,18,0.0
2015,5,19,0.0
2015,5,20,0.0
2015,5,21,0.0
2015,5,22,0.0
2015,5,23,0.0
2015,5,24,0.0
2015,5,25,0.0
2015,5,26,0.0
2015,5,27,159636.2
2015,5,28,262286.0
2015,5,29,199938.3
2015,5,30,42396.3
2015,5,31,31558.3
2015,6,1,14985.0
2015,6,2,0.0
2015,6,3,0.0
2015,6,4,0.0
2015,6,5,0.0
2015,6,6,0.0
2015,6,7,0.0
2015,6,8,0.0
2015,6,9,0.0
2015,6,10,0.0
2015,6,11,0.0
2015,6,12,0.0
2015,6,13,0.0
2015,6,14,0.0
2015,6,15,786795.1
2015,6,16,54573.2
2015,6,17,52297.0
2015,6,18,55297.3
2015,6,19,51797.0
2015,6,20,42597.0
2015,6,21,35914.9
2015,6,22,56996.0
2015,6,23,52996.4
2015,6,24,53496.0
2015,6,25,55082.3
2015,6,26,55709.7
2015,6,27,45596.0
2015,6,28,37385.4
2015,6,29,55206.7
2015,6,30,58096.0
2015,7,1,59696.0
2015,7,2,60596.0
2015,7,3,59296.4
2015,7,4,49496.0
2015,7,5,37096.0
2015,7,6,61799.1
2015,7,7,62093.3
2015,7,8,58196.4
2015,7,9,51695.3
2015,7,10,49796.7
2015,7,11,41196.4
2015,7,12,34596.0
2015,7,13,52395.6
2015,7,14,52996.4
2015,7,15,55996.4
2015,7,16,58196.0
2015,7,17,59896.9
2015,7,18,47595.6
2015,7,19,39096.4
2015,7,20,59996.0
2015,7,21,62384.8
2015,7,22,62207.7
2015,7,23,59159.1
2015,7,24,57922.7
2015,7,25,46843.6
2015,7,26,34321.8
2015,7,27,52396.4
2015,7,28,52096.0
2015,7,29,49196.4
2015,7,30,50195.1
2015,7,31,50296.4
2015,8,1,41596.4
2015,8,2,33178.2
2015,8,3,58313.9
2015,8,4,62711.9
2015,8,5,63195.0
2015,8,6,62781.6
2015,8,7,63396.4
2015,8,8,51696.0
2015,8,9,40796.0
2015,8,10,61096.0
2015,8,11,60805.7
2015,8,12,61495.6
2015,8,13,62795.0
2015,8,14,62095.0
2015,8,15,48390.2
2015,8,16,39196.0
2015,8,17,53292.9
2015,8,18,50097.0
2015,8,19,50097.3
2015,8,20,50396.7
2015,8,21,50797.3
2015,8,22,41496.1
2015,8,23,34097.9
2015,8,24,55193.7
2015,8,25,52196.0
2015,8,26,50696.4
2015,8,27,54095.6
2015,8,28,54661.8
2015,8,29,48655.2
2015,8,30,40537.7
2015,8,31,63252.3
2015,9,1,62939.2
2015,9,2,56096.4
2015,9,3,54596.0
2015,9,4,53896.0
2015,9,5,41696.4
2015,9,6,34445.6
2015,9,7,50746.9
2015,9,8,52895.3
2015,9,9,51395.8
2015,9,10,53696.4
2015,9,11,51996.0
2015,9,12,43196.3
2015,9,13,35696.2
2015,9,14,55396.0
2015,9,15,55995.6
2015,9,16,59496.4
2015,9,17,61295.6
2015,9,18,56096.0
2015,9,19,43859.1
2015,9,20,35833.4
2015,9,21,52896.2
2015,9,22,54061.3
2015,9,23,52597.0
2015,9,24,50929.6
2015,9,25,51164.7
2015,9,26,41497.1
2015,9,27,35526.7
2015,9,28,50996.4
2015,9,29,50995.1
2015,9,30,51996.0
2015,10,1,51996.0
2015,10,2,52596.8
2015,10,3,44195.6
2015,10,4,37796.1
2015,10,5,54196.0
2015,10,6,53795.7
2015,10,7,54376.4
2015,10,8,52696.7
2015,10,9,49615.8
2015,10,10,42579.5
2015,10,11,34196.7
2015,10,12,55397.3
2015,10,13,55597.1
2015,10,14,53895.7
2015,10,15,52358.7
2015,10,16,52036.7
2015,10,17,41597.0
2015,10,18,33497.3
2015,10,19,49197.3
2015,10,20,46797.0
2015,10,21,46595.4
2015,10,22,45960.0
2015,10,23,45031.1
2015,10,24,36200.9
2015,10,25,27896.0
2015,10,26,34698.7
2015,10,27,51297.0
2015,10,28,53195.7
2015,10,29,53377.0
2015,10,30,51386.6
2015,10,31,41196.1
2015,11,1,31996.4
2015,11,2,53909.3
2015,11,3,52897.0
2015,11,4,56381.7
2015,11,5,53995.6
2015,11,6,53413.4
2015,11,7,44578.6
2015,11,8,37595.6
2015,11,9,54896.8
2015,11,10,56296.0
2015,11,11,56196.0
2015,11,12,53819.3
2015,11,13,52496.7
2015,11,14,42997.0
2015,11,15,36197.0
2015,11,16,54669.7
2015,11,17,55524.7
2015,11,18,56467.7
2015,11,19,55296.0
2015,11,20,53496.4
2015,11,21,44795.6
2015,11,22,39695.6
2015,11,23,58530.4
2015,11,24,58597.5
2015,11,25,60360.6
2015,11,26,58733.3
2015,11,27,57497.0
2015,11,28,45897.3
2015,11,29,36897.0
2015,11,30,50055.3
2015,12,1,50438.0
2015,12,2,50796.7
2015,12,3,51897.3
2015,12,4,52451.6
2015,12,5,41142.4
2015,12,6,34597.0
2015,12,7,58249.0
2015,12,8,49696.0
2015,12,9,59446.0
2015,12,10,56796.7
2015,12,11,60644.9
2015,12,12,44049.4
2015,12,13,33742.4
2015,12,14,57151.7
2015,12,15,59597.0
2015,12,16,59340.0
2015,12,17,58554.0
2015,12,18,58897.0
2015,12,19,46797.0
2015,12,20,35796.7
2015,12,21,56997.3
2015,12,22,29287.3
2015,12,23,57000.0
2015,12,24,36000.0
2015,12,25,36000.0
2015,12,26,46000.0
2015,12,27,36000.0
2015,12,28,57000.0
2015,12,29,57000.0
2015,12,30,57000.0
2015,12,31,36000.0
2016,1,1,36000.0
2016,1,2,46000.0
2016,1,3,36000.0
2016,1,4,57000.0
2016,1,5,57000.0
2016,1,6,57000.0
2016,1,7,57000.0
2016,1,8,57000.0
2016,1,9,46000.0
2016,1,10,36000.0
2016,1,11,34930.0
2016,1,12,54921.8
2016,1,13,56569.7
2016,1,14,56596.4
2016,1,15,57525.2
2016,1,16,49266.6
2016,1,17,43964.4
2016,1,18,63627.3
2016,1,19,61996.0
2016,1,20,61030.6
2016,1,21,61461.5
2016,1,22,60996.0
2016,1,23,50333.3
2016,1,24,43358.2
2016,1,25,55735.8
2016,1,26,51456.7
2016,1,27,53737.3
2016,1,28,50654.5
2016,1,29,50538.9
2016,1,30,43997.0
2016,1,31,31997.0
2016,2,1,47596.8
2016,2,2,47896.8
2016,2,3,50448.8
2016,2,4,51396.0
2016,2,5,50346.6
2016,2,6,39296.7
2016,2,7,23815.7
2016,2,8,43596.7
2016,2,9,44997.0
2016,2,10,47997.3
2016,2,11,51212.8
2016,2,12,52281.0
2016,2,13,42711.1
2016,2,14,32082.9
2016,2,15,47197.0
2016,2,16,51296.7
2016,2,17,53507.0
2016,2,18,52796.4
2016,2,19,51696.0
2016,2,20,40688.6
2016,2,21,36497.0
2016,2,22,48897.0
2016,2,23,47401.0
2016,2,24,51792.7
2016,2,25,53099.3
2016,2,26,52595.0
2016,2,27,42697.0
2016,2,28,40696.4
2016,2,29,50997.2
2016,3,1,53297.3
2016,3,2,52897.0
2016,3,3,51397.0
2016,3,4,50297.0
2016,3,5,38903.8
2016,3,6,27889.9
2016,3,7,52097.0
2016,3,8,54697.0
2016,3,9,53586.3
2016,3,10,51708.0
2016,3,11,50597.0
2016,3,12,38596.7
2016,3,13,29196.7
2016,3,14,50397.0
2016,3,15,55279.8
2016,3,16,54996.0
2016,3,17,51715.2
2016,3,18,48297.0
2016,3,19,38296.7
2016,3,20,28997.1
2016,3,21,45797.3
2016,3,22,46121.2
2016,3,23,46197.8
2016,3,24,45898.0
2016,3,25,37570.7
2016,3,26,32425.3
2016,3,27,27068.7
2016,3,28,34497.0
2016,3,29,44696.7
2016,3,30,44629.7
2016,3,31,46830.9
2016,4,1,46930.4
2016,4,2,35932.4
2016,4,3,26561.6
2016,4,4,51197.0
2016,4,5,52097.1
2016,4,6,50597.0
2016,4,7,49997.2
2016,4,8,48297.0
2016,4,9,37039.3
2016,4,10,27711.1
2016,4,11,48140.2
2016,4,12,47297.0
2016,4,13,48697.0
2016,4,14,49496.8
2016,4,15,48197.3
2016,4,16,4445.2
2016,4,17,46727.0
2016,4,18,46727.0
2016,4,19,46727.0
2016,4,20,46727.0
2016,4,21,46727.0
2016,4,22,46727.0
2016,4,23,46727.0
2016,4,24,46727.0
2016,4,25,46727.0
2016,4,26,46727.0
2016,4,27,46727.0
2016,4,28,46727.0
2016,4,29,46727.0
2016,4,30,46727.0
2016,5,1,46727.0
2016,5,2,46727.0
2016,5,3,46727.0
2016,5,4,46727.0
2016,5,5,34596.8
2016,5,6,45696.9
2016,5,7,37038.1
2016,5,8,27655.9
2016,5,9,48397.0
2016,5,10,47396.7
2016,5,11,48297.0
2016,5,12,47997.0
2016,5,13,45097.0
2016,5,14,34097.0
2016,5,15,26346.2
2016,5,16,34547.8
2016,5,17,42196.8
2016,5,18,47197.0
2016,5,19,47996.8
2016,5,20,46351.3
2016,5,21,38242.7
2016,5,22,30996.9
2016,5,23,51896.8
2016,5,24,47755.4
2016,5,25,51038.6
2016,5,26,42197.0
2016,5,27,51035.6
2016,5,28,43058.2
2016,5,29,32897.2
2016,5,30,54097.0
2016,5,31,54131.4
2016,6,1,53895.7
2016,6,2,52563.6
2016,6,3,52497.0
2016,6,4,42397.0
2016,6,5,31596.7
2016,6,6,55925.5
2016,6,7,52968.9
2016,6,8,54497.0
2016,6,9,54496.9
2016,6,10,52421.1
2016,6,11,40872.7
2016,6,12,37697.0
2016,6,13,52997.0
2016,6,14,53196.7
2016,6,15,51416.2
2016,6,16,56396.0
2016,6,17,51578.8
2016,6,18,41097.0
2016,6,19,39096.7
2016,6,20,50197.3
2016,6,21,54197.0
2016,6,22,56397.0
2016,6,23,58607.8
2016,6,24,60996.0
2016,6,25,48796.0
2016,6,26,32187.9
2016,6,27,48597.0
2016,6,28,51897.0
2016,6,29,55501.7
2016,6,30,56092.0
2016,7,1,53800.0
2016,7,2,43496.0
2016,7,3,30995.0
2016,7,4,49997.0
2016,7,5,51596.0
2016,7,6,49698.0
2016,7,7,47997.0
2016,7,8,51296.7
2016,7,9,38097.0
2016,7,10,33397.0
2016,7,11,56489.9
2016,7,12,53904.1
2016,7,13,48497.0
2016,7,14,44496.7
2016,7,15,43597.0
2016,7,16,32397.3
2016,7,17,29696.7
2016,7,18,50697.0
2016,7,19,49997.0
2016,7,20,49880.8
2016,7,21,51113.0
2016,7,22,50396.9
2016,7,23,40578.0
2016,7,24,33616.3
2016,7,25,50375.8
2016,7,26,51095.7
2016,7,27,51795.9
2016,7,28,48496.0
2016,7,29,48496.0
2016,7,30,39896.0
2016,7,31,30123.1
2016,8,1,44096.9
2016,8,2,44297.2
2016,8,3,45766.3
2016,8,4,49427.8
2016,8,5,43796.7
2016,8,6,34397.0
2016,8,7,29297.0
2016,8,8,47296.8
2016,8,9,46096.9
2016,8,10,42097.0
2016,8,11,41297.0
2016,8,12,40436.6
2016,8,13,33157.4
2016,8,14,29096.7
2016,8,15,31297.2
2016,8,16,46397.1
2016,8,17,44997.0
2016,8,18,45097.0
2016,8,19,45550.0
2016,8,20,35943.7
2016,8,21,28145.7
2016,8,22,43648.2
2016,8,23,46596.8
2016,8,24,48845.2
2016,8,25,48996.4
2016,8,26,47949.3
2016,8,27,38297.0
2016,8,28,31997.0
2016,8,29,50040.0
2016,8,30,48553.6
2016,8,31,46597.0
2016,9,1,47897.0
2016,9,2,47797.0
2016,9,3,36797.3
2016,9,4,31296.7
2016,9,5,46697.0
2016,9,6,44697.0
2016,9,7,47597.0
2016,9,8,51096.7
2016,9,9,51097.0
2016,9,10,39497.0
2016,9,11,31427.0
2016,9,12,54267.0
2016,9,13,55524.6
2016,9,14,54896.0
2016,9,15,53070.4
2016,9,16,52197.0
2016,9,17,36496.9
2016,9,18,28596.8
2016,9,19,47718.9
2016,9,20,46675.1
2016,9,21,46796.7
2016,9,22,46397.0
2016,9,23,45397.0
2016,9,24,33697.0
2016,9,25,27481.2
2016,9,26,46412.7
2016,9,27,46696.7
2016,9,28,47697.0
2016,9,29,50797.0
2016,9,30,48597.3
2016,10,1,36596.7
2016,10,2,29788.3
2016,10,3,46305.7
2016,10,4,46096.7
2016,10,5,45397.0
2016,10,6,46897.0
2016,10,7,45597.0
2016,10,8,34997.0
2016,10,9,27395.2
2016,10,10,44998.0
2016,10,11,46198.0
2016,10,12,46196.8
2016,10,13,44096.7
2016,10,14,42897.0
2016,10,15,35997.0
2016,10,16,27802.6
2016,10,17,46991.1
2016,10,18,47497.0
2016,10,19,45297.0
2016,10,20,46097.0
2016,10,21,44197.0
2016,10,22,35696.7
2016,10,23,29897.0
2016,10,24,46697.0
2016,10,25,48297.3
2016,10,26,28212.5
2016,10,27,45281.2
2016,10,28,43797.0
2016,10,29,33997.0
2016,10,30,25916.6
2016,10,31,43377.1
2016,11,1,31818.9
2016,11,2,47198.0
2016,11,3,47950.2
2016,11,4,49620.6
2016,11,5,38396.9
2016,11,6,26897.0
2016,11,7,49097.0
2016,11,8,51197.0
2016,11,9,49997.0
2016,11,10,48727.9
2016,11,11,48197.9
2016,11,12,40864.9
2016,11,13,32397.0
2016,11,14,52697.0
2016,11,15,54096.7
2016,11,16,53197.0
2016,11,17,50397.2
2016,11,18,49796.9
2016,11,19,36996.9
2016,11,20,27997.0
2016,11,21,46397.0
2016,11,22,46696.7
2016,11,23,47841.3
2016,11,24,48852.7
2016,11,25,46343.3
2016,11,26,34897.9
2016,11,27,29349.6
2016,11,28,50496.8
2016,11,29,53697.0
2016,11,30,51945.6
2016,12,1,50200.9
2016,12,2,49044.4
2016,12,3,40696.8
2016,12,4,33497.0
2016,12,5,56297.0
2016,12,6,54797.2
2016,12,7,52096.8
2016,12,8,45437.4
2016,12,9,47117.0
2016,12,10,32297.9
2016,12,11,26098.0
2016,12,12,48970.7
2016,12,13,53760.6
2016,12,14,55896.8
2016,12,15,52197.0
2016,12,16,53529.2
2016,12,17,42396.3
2016,12,18,31365.5
2016,12,19,55497.0
2016,12,20,56997.0
2016,12,21,56096.9
2016,12,22,54596.8
2016,12,23,50097.0
2016,12,24,33697.0
2016,12,25,24073.9
2016,12,26,28398.0
2016,12,27,40597.8
2016,12,28,41738.0
2016,12,29,45676.9
2016,12,30,47896.7
2016,12,31,37213.9
2017,1,1,30180.1
2017,1,2,48897.0
2017,1,3,48397.0
2017,1,4,47897.0
2017,1,5,51097.0
2017,1,6,39497.0
2017,1,7,41996.7
2017,1,8,34697.0
2017,1,9,57404.8
2017,1,10,57596.0
2017,1,11,57689.9
2017,1,12,52697.0
2017,1,13,50797.0
2017,1,14,42596.7
2017,1,15,32597.0
2017,1,16,55997.3
2017,1,17,57196.7
2017,1,18,53566.3
2017,1,19,38731.1
2017,1,20,48906.5
2017,1,21,44592.1
2017,1,22,35396.0
2017,1,23,56402.5
2017,1,24,56797.0
2017,1,25,56696.7
2017,1,26,55897.0
2017,1,27,54597.0
2017,1,28,44496.7
2017,1,29,35584.2
2017,1,30,55996.4
2017,1,31,54110.7
2017,2,1,53396.7
2017,2,2,53580.2
2017,2,3,50813.8
2017,2,4,39497.0
2017,2,5,26496.7
2017,2,6,47776.1
2017,2,7,51917.9
2017,2,8,51096.7
2017,2,9,51120.9
2017,2,10,49498.0
2017,2,11,38198.0
2017,2,12,29797.8
2017,2,13,49298.2
2017,2,14,48369.0
2017,2,15,46426.8
2017,2,16,48498.0
2017,2,17,47565.9
2017,2,18,34530.0
2017,2,19,26663.7
2017,2,20,44832.2
2017,2,21,42561.8
2017,2,22,41997.0
2017,2,23,43497.0
2017,2,24,44097.0
2017,2,25,34496.8
2017,2,26,28838.2
2017,2,27,43598.0
2017,2,28,43754.7
2017,3,1,43196.8
2017,3,2,42096.9
2017,3,3,40843.4
2017,3,4,31050.6
2017,3,5,27245.3
2017,3,6,41597.9
2017,3,7,40398.0
2017,3,8,41046.4
2017,3,9,43949.6
2017,3,10,44644.3
2017,3,11,32051.6
2017,3,12,22214.5
2017,3,13,42798.0
2017,3,14,44297.8
2017,3,15,43439.3
2017,3,16,44697.0
2017,3,17,44596.9
2017,3,18,32758.6
2017,3,19,24435.2
2017,3,20,44560.8
2017,3,21,44997.8
2017,3,22,45732.1
2017,3,23,42963.9
2017,3,24,41698.0
2017,3,25,30298.0
2017,3,26,21798.0
2017,3,27,44198.0
2017,3,28,47198.0
2017,3,29,48825.0
2017,3,30,47770.8
2017,3,31,46523.0
2017,4,1,36097.0
2017,4,2,27196.9
2017,4,3,46774.9
2017,4,4,44498.0
2017,4,5,44717.9
2017,4,6,43877.9
2017,4,7,42215.8
2017,4,8,31380.2
2017,4,9,25098.0
2017,4,10,41512.8
2017,4,11,39583.2
2017,4,12,38410.8
2017,4,13,37185.0
2017,4,14,30798.0
2017,4,15,25498.0
2017,4,16,22198.0
2017,4,17,27197.8
2017,4,18,39898.0
2017,4,19,46703.6
2017,4,20,39796.7
2017,4,21,37793.6
2017,4,22,29598.0
2017,4,23,21799.8
2017,4,24,40096.2
2017,4,25,44797.4
2017,4,26,42698.6
2017,4,27,42497.8
2017,4,28,38794.3
2017,4,29,30701.7
2017,4,30,25097.8
2017,5,1,29091.2
2017,5,2,44404.8
2017,5,3,44289.2
2017,5,4,44206.8
2017,5,5,43387.2
2017,5,6,36296.7
2017,5,7,27497.3
2017,5,8,46396.7
2017,5,9,44697.0
2017,5,10,43397.0
2017,5,11,47797.0
2017,5,12,48878.7
2017,5,13,3172.0
2017,5,14,0.0
2017,5,15,0.0
2017,5,16,0.0
2017,5,17,0.0
2017,5,18,0.0
2017,5,19,0.0
2017,5,20,0.0
2017,5,21,0.0
2017,5,22,0.0
2017,5,23,0.0
2017,5,24,0.0
2017,5,25,0.0
2017,5,26,0.0
2017,5,27,0.0
2017,5,28,0.0
2017,5,29,0.0
2017,5,30,0.0
2017,5,31,1328060.5
2017,6,1,1070093.0
2017,6,2,0.0
2017,6,3,0.0
2017,6,4,0.0
2017,6,5,0.0
2017,6,6,0.0
2017,6,7,0.0
2017,6,8,0.0
2017,6,9,0.0
2017,6,10,0.0
2017,6,11,0.0
2017,6,12,0.0
2017,6,13,0.0
2017,6,14,0.0
2017,6,15,0.0
2017,6,16,0.0
2017,6,17,0.0
2017,6,18,0.0
2017,6,19,0.0
2017,6,20,0.0
2017,6,21,0.0
2017,6,22,0.0
2017,6,23,0.0
2017,6,24,0.0
2017,6,25,0.0
2017,6,26,0.0
2017,6,27,0.0
2017,6,28,0.0
2017,6,29,0.0
2017,6,30,0.0
2017,7,1,0.0
2017,7,2,0.0
2017,7,3,0.0
2017,7,4,0.7
2017,7,5,52347.4
2017,7,6,53446.6
2017,7,7,51745.2
2017,7,8,41448.8
2017,7,9,30397.0
2017,7,10,54597.0
2017,7,11,49996.9
2017,7,12,52196.8
2017,7,13,46097.0
2017,7,14,44197.0
2017,7,15,31097.0
2017,7,16,26957.6
2017,7,17,48636.1
2017,7,18,50534.2
2017,7,19,50259.8
2017,7,20,51561.7
2017,7,21,50732.0
2017,7,22,41297.0
2017,7,23,30697.0
2017,7,24,49197.0
2017,7,25,43766.8
2017,7,26,42297.8
2017,7,27,42798.0
2017,7,28,46098.1
2017,7,29,35223.9
2017,7,30,31197.1
2017,7,31,53097.0
2017,8,1,52997.0
2017,8,2,53497.0
2017,8,3,52596.7
2017,8,4,55416.9
2017,8,5,39877.1
2017,8,6,29297.0
2017,8,7,44896.9
2017,8,8,46496.7
2017,8,9,52497.0
2017,8,10,53397.0
2017,8,11,42897.0
2017,8,12,31785.2
2017,8,13,25597.8
2017,8,14,45098.0
2017,8,15,32098.0
2017,8,16,50013.3
2017,8,17,49882.7
2017,8,18,50703.7
2017,8,19,33192.3
2017,8,20,25098.0
2017,8,21,41997.8
2017,8,22,42799.6
2017,8,23,43397.0
2017,8,24,47696.7
2017,8,25,50397.0
2017,8,26,38597.0
2017,8,27,29958.7
2017,8,28,48797.0
2017,8,29,48197.0
2017,8,30,50296.7
2017,8,31,50897.0
2017,9,1,46551.8
2017,9,2,32598.0
2017,9,3,26140.9
2017,9,4,45454.9
2017,9,5,46339.3
2017,9,6,45896.9
2017,9,7,44197.0
2017,9,8,46297.0
2017,9,9,33659.8
2017,9,10,26133.9
2017,9,11,43697.0
2017,9,12,43196.9
2017,9,13,45363.9
2017,9,14,45130.0
2017,9,15,42297.0
2017,9,16,31596.9
2017,9,17,25468.1
2017,9,18,43598.0
2017,9,19,43324.6
2017,9,20,42997.0
2017,9,21,42997.0
2017,9,22,41996.9
2017,9,23,31274.1
2017,9,24,27519.7
2017,9,25,43997.0
2017,9,26,45896.9
2017,9,27,45496.7
2017,9,28,45597.0
2017,9,29,44297.1
2017,9,30,33597.2
2017,10,1,27882.2
2017,10,2,43711.6
2017,10,3,44484.4
2017,10,4,44609.5
2017,10,5,46696.7
2017,10,6,42997.0
2017,10,7,33988.4
2017,10,8,26305.7
2017,10,9,43897.0
2017,10,10,45996.7
2017,10,11,48697.0
2017,10,12,47597.0
2017,10,13,46994.5
2017,10,14,35598.0
2017,10,15,26898.0
2017,10,16,47897.2
2017,10,17,47496.7
2017,10,18,47797.0
2017,10,19,46097.0
2017,10,20,44301.9
2017,10,21,35592.1
2017,10,22,27997.0
2017,10,23,44896.7
2017,10,24,45497.0
2017,10,25,45097.0
2017,10,26,29797.0
2017,10,27,43696.7
2017,10,28,31897.0
2017,10,29,25696.7
2017,10,30,43297.0
2017,10,31,43697.3
2017,11,1,27796.4
2017,11,2,42096.9
2017,11,3,43297.3
2017,11,4,34017.3
2017,11,5,24455.3
2017,11,6,46598.0
2017,11,7,44211.6
2017,11,8,47684.2
2017,11,9,45298.0
2017,11,10,44898.0
2017,11,11,33598.0
2017,11,12,25698.0
2017,11,13,48905.1
2017,11,14,48197.0
2017,11,15,47891.7
2017,11,16,48397.8
2017,11,17,47898.2
2017,11,18,34998.0
2017,11,19,29297.8
2017,11,20,48598.2
2017,11,21,47697.0
2017,11,22,45796.7
2017,11,23,49797.0
2017,11,24,47797.0
2017,11,25,34901.9
2017,11,26,28697.8
2017,11,27,48291.0
2017,11,28,48997.3
2017,11,29,49296.7
2017,11,30,51797.0
2017,12,1,49897.0
2017,12,2,39609.0
2017,12,3,29484.7
2017,12,4,52711.1
2017,12,5,49198.0
2017,12,6,48081.6
2017,12,7,47997.0
2017,12,8,35315.2
2017,12,9,37178.8
2017,12,10,27996.9
2017,12,11,46718.3
2017,12,12,48075.8
2017,12,13,47496.7
2017,12,14,47197.0
2017,12,15,45597.0
2017,12,16,35796.7
2017,12,17,27124.4
2017,12,18,50698.0
2017,12,19,50868.5
2017,12,20,49497.1
2017,12,21,48396.8
2017,12,22,42429.5
2017,12,23,29064.4
2017,12,24,22631.4
2017,12,25,31597.9
2017,12,26,33698.0
2017,12,27,39698.0
2017,12,28,40198.0
2017,12,29,43898.0
2017,12,30,34998.0
2017,12,31,23156.1
2018,1,1,28239.6
2018,1,2,40554.2
2018,1,3,42897.0
2018,1,4,40996.7
2018,1,5,39543.9
2018,1,6,25598.0
2018,1,7,23797.8
2018,1,8,46898.0
2018,1,9,46998.1
2018,1,10,48946.2
2018,1,11,46249.7
2018,1,12,46444.0
2018,1,13,37552.0
2018,1,14,30097.8
2018,1,15,52498.0
2018,1,16,51098.0
2018,1,17,48797.8
2018,1,18,47798.1
2018,1,19,45098.1
2018,1,20,36497.8
2018,1,21,29798.0
2018,1,22,50733.8
2018,1,23,48497.0
2018,1,24,47396.7
2018,1,25,48297.0
2018,1,26,47797.0
2018,1,27,36866.3
2018,1,28,25527.7
2018,1,29,42396.9
2018,1,30,43496.8
2018,1,31,43997.0
2018,2,1,44271.4
2018,2,2,43297.8
2018,2,3,34298.0
2018,2,4,26198.0
2018,2,5,46298.2
2018,2,6,46597.8
2018,2,7,46598.0
2018,2,8,47516.4
2018,2,9,46496.7
2018,2,10,37880.7
2018,2,11,26198.0
2018,2,12,45712.3
2018,2,13,48897.0
2018,2,14,48984.5
2018,2,15,46809.2
2018,2,16,46186.8
2018,2,17,39597.8
2018,2,18,30098.2
2018,2,19,47498.0
2018,2,20,48697.8
2018,2,21,49298.0
2018,2,22,49098.0
2018,2,23,48200.8
2018,2,24,41997.0
2018,2,25,40798.0
2018,2,26,51496.0
2018,2,27,49996.0
2018,2,28,50696.0
2018,3,1,49895.6
2018,3,2,49396.0
2018,3,3,39001.1
2018,3,4,31996.7
2018,3,5,49897.0
2018,3,6,48597.0
2018,3,7,44297.0
2018,3,8,43407.0
2018,3,9,42198.0
2018,3,10,30685.7
2018,3,11,23897.0
2018,3,12,43011.1
2018,3,13,42882.6
2018,3,14,43897.0
2018,3,15,42997.0
2018,3,16,42196.9
2018,3,17,37416.5
2018,3,18,29198.0
2018,3,19,50797.8
2018,3,20,51375.4
2018,3,21,49420.6
2018,3,22,44297.8
2018,3,23,42098.0
2018,3,24,30698.0
2018,3,25,22270.3
2018,3,26,39697.0
2018,3,27,38226.5
2018,3,28,39467.2
2018,3,29,38597.0
2018,3,30,32997.0
2018,3,31,27730.8
2018,4,1,22398.0
2018,4,2,31497.9
2018,4,3,39161.0
2018,4,4,39897.0
2018,4,5,40635.9
2018,4,6,39257.8
2018,4,7,30497.0
2018,4,8,23839.1
2018,4,9,46997.9
2018,4,10,43554.0
2018,4,11,45741.9
2018,4,12,47151.8
2018,4,13,45044.1
2018,4,14,33398.0
2018,4,15,24197.9
2018,4,16,44847.7
2018,4,17,46197.0
2018,4,18,46497.0
2018,4,19,47896.7
2018,4,20,47597.0
2018,4,21,37197.0
2018,4,22,27096.9
2018,4,23,50497.2
2018,4,24,48355.3
2018,4,25,49938.5
2018,4,26,44596.8
2018,4,27,43597.0
2018,4,28,36397.0
2018,4,29,30896.7
2018,4,30,49332.4
2018,5,1,35261.6
2018,5,2,50897.0
2018,5,3,50329.3
2018,5,4,46464.4
2018,5,5,35866.7
2018,5,6,29527.3
2018,5,7,47068.4
2018,5,8,46725.3
2018,5,9,48497.2
2018,5,10,39396.7
2018,5,11,43797.0
2018,5,12,35797.0
2018,5,13,27274.8
2018,5,14,46418.9
2018,5,15,43176.9
2018,5,16,45017.1
2018,5,17,43978.9
2018,5,18,44897.8
2018,5,19,34314.0
2018,5,20,26982.0
2018,5,21,37712.0
2018,5,22,47896.7
2018,5,23,50797.0
2018,5,24,50697.0
2018,5,25,46196.7
2018,5,26,37905.8
2018,5,27,29488.5
2018,5,28,53197.0
2018,5,29,53496.7
2018,5,30,50097.0
2018,5,31,42697.0
2018,6,1,48197.0
2018,6,2,39097.0
2018,6,3,30396.7
2018,6,4,52596.7
2018,6,5,52497.3
2018,6,6,51996.7
2018,6,7,50597.0
2018,6,8,53097.0
2018,6,9,39796.7
2018,6,10,31397.0
2018,6,11,55289.9
2018,6,12,54104.4
2018,6,13,48996.7
2018,6,14,46797.0
2018,6,15,46697.0
2018,6,16,37896.7
2018,6,17,33297.0
2018,6,18,52397.0
2018,6,19,52381.3
2018,6,20,53695.6
2018,6,21,54813.8
2018,6,22,45297.0
2018,6,23,35497.0
2018,6,24,29996.7
2018,6,25,45197.0
2018,6,26,46697.3
2018,6,27,45796.7
2018,6,28,47072.1
2018,6,29,48021.9
2018,6,30,35297.0
2018,7,1,26296.8
2018,7,2,44096.9
2018,7,3,45497.0
2018,7,4,46996.8
2018,7,5,48396.9
2018,7,6,45163.9
2018,7,7,35730.1
2018,7,8,28096.8
2018,7,9,47297.2
2018,7,10,45659.4
2018,7,11,42834.6
2018,7,12,44696.7
2018,7,13,44997.0
2018,7,14,35497.0
2018,7,15,29596.8
2018,7,16,46496.9
2018,7,17,45497.0
2018,7,18,45697.0
2018,7,19,46796.8
2018,7,20,46696.9
2018,7,21,35897.0
2018,7,22,27046.4
2018,7,23,45596.9
2018,7,24,47047.7
2018,7,25,47397.0
2018,7,26,46696.8
2018,7,27,47096.8
2018,7,28,37262.0
2018,7,29,30197.0
2018,7,30,50194.4
2018,7,31,49699.2
2018,8,1,50492.3
2018,8,2,50301.7
2018,8,3,49690.8
2018,8,4,39103.3
2018,8,5,30497.0
2018,8,6,49887.3
2018,8,7,50106.7
2018,8,8,51496.7
2018,8,9,51284.2
2018,8,10,47909.8
2018,8,11,35197.0
2018,8,12,28896.7
2018,8,13,49380.1
2018,8,14,46296.0
2018,8,15,31514.9
2018,8,16,46577.1
2018,8,17,46116.6
2018,8,18,36797.0
2018,8,19,30197.0
2018,8,20,49997.0
2018,8,21,49797.0
2018,8,22,49696.9
2018,8,23,50297.1
2018,8,24,47897.0
2018,8,25,32696.7
2018,8,26,26027.1
2018,8,27,43266.9
2018,8,28,45496.7
2018,8,29,46363.8
2018,8,30,46230.2
2018,8,31,42396.8
2018,9,1,32196.9
2018,9,2,26134.3
2018,9,3,45659.7
2018,9,4,45157.7
2018,9,5,46836.0
2018,9,6,46397.3
2018,9,7,44497.0
2018,9,8,35596.8
2018,9,9,27196.9
2018,9,10,47397.0
2018,9,11,48197.0
2018,9,12,47749.1
2018,9,13,48444.6
2018,9,14,45097.0
2018,9,15,34197.0
2018,9,16,26848.3
2018,9,17,47145.3
2018,9,18,48597.0
2018,9,19,47397.0
2018,9,20,47796.8
2018,9,21,48097.0
2018,9,22,32654.9
2018,9,23,28639.2
2018,9,24,43296.8
2018,9,25,41497.0
2018,9,26,42896.9
2018,9,27,44996.8
2018,9,28,44997.0
2018,9,29,33861.9
2018,9,30,28531.8
2018,10,1,42497.0
2018,10,2,41697.0
2018,10,3,42665.9
2018,10,4,43027.8
2018,10,5,42168.0
2018,10,6,33326.0
2018,10,7,26670.0
2018,10,8,45398.0
2018,10,9,45922.9
2018,10,10,47396.9
2018,10,11,46896.8
2018,10,12,45897.0
2018,10,13,35097.0
2018,10,14,26996.9
2018,10,15,840.7
2018,10,16,0.0
2018,10,17,0.0
2018,10,18,0.0
2018,10,19,0.0
2018,10,20,0.0
2018,10,21,0.0
2018,10,22,327122.9
2018,10,23,44598.2
2018,10,24,44507.6
2018,10,25,43896.7
2018,10,26,29397.0
2018,10,27,32190.6
2018,10,28,25497.8
2018,10,29,45502.3
2018,10,30,45293.7
2018,10,31,43797.8
2018,11,1,28299.2
2018,11,2,40296.8
2018,11,3,31198.0
2018,11,4,24397.8
2018,11,5,43698.2
2018,11,6,44797.8
2018,11,7,44193.1
2018,11,8,44302.9
2018,11,9,43298.0
2018,11,10,35190.1
2018,11,11,28396.7
2018,11,12,45097.0
2018,11,13,44297.0
2018,11,14,44997.0
2018,11,15,45096.7
2018,11,16,44482.9
2018,11,17,35526.2
2018,11,18,31298.0
2018,11,19,51997.8
2018,11,20,51098.0
2018,11,21,48559.6
2018,11,22,49636.4
2018,11,23,46155.1
2018,11,24,34740.7
2018,11,25,27874.7
2018,11,26,47421.3
2018,11,27,52372.4
2018,11,28,49497.3
2018,11,29,52124.3
2018,11,30,53269.7
2018,12,1,42626.1
2018,12,2,32067.6
2018,12,3,51597.0
2018,12,4,43897.0
2018,12,5,47096.7
2018,12,6,50197.0
2018,12,7,46997.0
2018,12,8,27433.3
2018,12,9,26298.0
2018,12,10,46659.3
2018,12,11,50097.0
2018,12,12,52797.0
2018,12,13,54397.0
2018,12,14,52839.7
2018,12,15,40597.8
2018,12,16,8087.6
2018,12,17,42300.0
2018,12,18,0.0
2018,12,19,130104.2
2018,12,20,53749.1
2018,12,21,49197.0
2018,12,22,31147.7
2018,12,23,24546.0
2018,12,24,30997.0
2018,12,25,31850.8
2018,12,26,30843.0
2018,12,27,31753.2
2018,12,28,31597.8
2018,12,29,28139.9
2018,12,30,25956.1
2018,12,31,30897.8
2019,1,1,28375.6
2019,1,2,46158.2
2019,1,3,49597.0
2019,1,4,48796.9
2019,1,5,37896.8
2019,1,6,28763.3
2019,1,7,54230.7
2019,1,8,48865.1
2019,1,9,50228.6
2019,1,10,51726.6
2019,1,11,51967.4
2019,1,12,38269.2
2019,1,13,30324.5
2019,1,14,48222.5
2019,1,15,51046.8
2019,1,16,47521.4
2019,1,17,46219.7
2019,1,18,47795.9
2019,1,19,41355.0
2019,1,20,32317.3
2019,1,21,51896.9
2019,1,22,52896.7
2019,1,23,52597.0
2019,1,24,52897.0
2019,1,25,50796.7
2019,1,26,38183.9
2019,1,27,28797.8
2019,1,28,48498.2
2019,1,29,46608.1
2019,1,30,48097.0
2019,1,31,50296.7
2019,2,1,44897.0
2019,2,2,29791.0
2019,2,3,22297.8
2019,2,4,44805.8
2019,2,5,6884.4
2019,2,6,0.0
2019,2,7,0.0
2019,2,8,0.0
2019,2,9,0.0
2019,2,10,0.0
2019,2,11,247100.0
2019,2,12,74287.0
2019,2,13,44297.0
2019,2,14,42796.7
2019,2,15,41897.0
2019,2,16,32905.4
2019,2,17,27788.6
2019,2,18,43907.3
2019,2,19,43086.4
2019,2,20,41684.4
2019,2,21,38315.6
2019,2,22,42607.9
2019,2,23,41180.0
2019,2,24,30613.6
2019,2,25,41480.1
2019,2,26,41397.0
2019,2,27,41697.0
2019,2,28,41896.7
2019,3,1,41096.9
2019,3,2,33097.0
2019,3,3,24420.8
2019,3,4,42397.8
2019,3,5,41298.0
2019,3,6,41071.1
2019,3,7,43569.0
2019,3,8,41725.0
2019,3,9,30675.8
2019,3,10,23918.2
2019,3,11,44696.7
2019,3,12,44530.0
2019,3,13,44464.0
2019,3,14,42596.8
2019,3,15,40596.9
2019,3,16,30934.1
2019,3,17,24198.0
2019,3,18,43597.9
2019,3,19,42957.7
2019,3,20,43338.2
2019,3,21,42755.8
2019,3,22,41740.0
2019,3,23,31853.7
2019,3,24,24042.3
2019,3,25,42451.3
2019,3,26,42697.0
2019,3,27,42636.3
2019,3,28,41531.9
2019,3,29,39463.9
2019,3,30,31198.2
2019,3,31,23797.9
2019,4,1,40998.2
2019,4,2,43397.9
2019,4,3,43025.6
2019,4,4,43397.0
2019,4,5,9819.7
2019,4,6,0.0
2019,4,7,0.0
2019,4,8,0.0
2019,4,9,0.0
2019,4,10,0.0
2019,4,11,0.0
2019,4,12,0.0
2019,4,13,0.0
2019,4,14,0.0
2019,4,15,0.0
2019,4,16,0.0
2019,4,17,0.0
2019,4,18,0.0
2019,4,19,0.0
2019,4,20,0.0
2019,4,21,0.0
2019,4,22,0.0
2019,4,23,0.0
2019,4,24,0.0
2019,4,25,0.0
2019,4,26,803908.4
2019,4,27,30098.0
2019,4,28,23498.0
2019,4,29,12895.6
2019,4,30,0.0
2019,5,1,0.0
2019,5,2,147594.0
2019,5,3,41197.0
2019,5,4,30297.0
2019,5,5,27097.0
2019,5,6,44203.0
2019,5,7,41390.7
2019,5,8,43797.0
2019,5,9,44687.9
2019,5,10,43405.8
2019,5,11,33797.0
2019,5,12,24709.2
2019,5,13,43698.0
2019,5,14,43383.5
2019,5,15,44497.0
2019,5,16,42197.0
2019,5,17,39796.7
2019,5,18,31597.2
2019,5,19,27016.4
2019,5,20,45277.7
2019,5,21,44496.7
2019,5,22,43796.9
2019,5,23,41297.0
2019,5,24,44572.1
2019,5,25,35947.1
2019,5,26,26997.8
2019,5,27,46897.9
2019,5,28,45269.3
2019,5,29,42097.0
2019,5,30,31927.5
2019,5,31,40966.2
2019,6,1,36097.2
2019,6,2,28497.0
2019,6,3,52196.7
2019,6,4,52697.1
2019,6,5,11707.3
2019,6,6,0.0
2019,6,7,0.0
2019,6,8,0.0
2019,6,9,0.0
2019,6,10,0.0
2019,6,11,0.0
2019,6,12,0.0
2019,6,13,0.0
2019,6,14,0.0
2019,6,15,0.0
2019,6,16,0.0
2019,6,17,0.0
2019,6,18,0.0
2019,6,19,0.0
2019,6,20,0.0
2019,6,21,0.0
2019,6,22,0.0
2019,6,23,0.0
2019,6,24,0.0
2019,6,25,0.0
2019,6,26,1063966.2
2019,6,27,59996.0
2019,6,28,49556.6
2019,6,29,38996.9
2019,6,30,31397.0
2019,7,1,52933.6
2019,7,2,48460.4
2019,7,3,45996.9
2019,7,4,46830.2
2019,7,5,46463.6
2019,7,6,37296.9
2019,7,7,29196.8
2019,7,8,44597.0
2019,7,9,43197.0
2019,7,10,43096.9
2019,7,11,45196.8
2019,7,12,43697.0
2019,7,13,32272.7
2019,7,14,27620.9
2019,7,15,44997.0
2019,7,16,46397.0
2019,7,17,47397.0
2019,7,18,47097.0
2019,7,19,46715.1
2019,7,20,36978.8
2019,7,21,29496.7
2019,7,22,50297.0
2019,7,23,50497.0
2019,7,24,50596.7
2019,7,25,50697.0
2019,7,26,49707.9
2019,7,27,32286.1
2019,7,28,28487.9
2019,7,29,46805.8
2019,7,30,48897.0
2019,7,31,49197.0
2019,8,1,47296.7
2019,8,2,44697.0
2019,8,3,33897.0
2019,8,4,29296.7
2019,8,5,48497.0
2019,8,6,48997.0
2019,8,7,49595.6
2019,8,8,47998.1
2019,8,9,48897.0
2019,8,10,40197.0
2019,8,11,30496.7
2019,8,12,50690.7
2019,8,13,44795.6
2019,8,14,43805.0
2019,8,15,31896.6
2019,8,16,42397.0
2019,8,17,34097.0
2019,8,18,30496.7
2019,8,19,49797.0
2019,8,20,49682.2
2019,8,21,43511.5
2019,8,22,44097.0
2019,8,23,45864.7
2019,8,24,36596.7
2019,8,25,29297.0
2019,8,26,48596.7
2019,8,27,51197.3
2019,8,28,52496.6
2019,8,29,51497.1
2019,8,30,49394.4
2019,8,31,39899.6
2019,9,1,30501.3
2019,9,2,46092.3
2019,9,3,45397.0
2019,9,4,46796.7
2019,9,5,48897.3
2019,9,6,43697.0
2019,9,7,31196.7
2019,9,8,25697.0
2019,9,9,42196.7
2019,9,10,43897.0
2019,9,11,46497.0
2019,9,12,47097.0
2019,9,13,47196.7
2019,9,14,34615.0
2019,9,15,28498.0
2019,9,16,48477.7
2019,9,17,44597.2
2019,9,18,42897.1
2019,9,19,41496.7
2019,9,20,39596.9
2019,9,21,30822.1
2019,9,22,26271.9
2019,9,23,45996.8
2019,9,24,46796.9
2019,9,25,45097.0
2019,9,26,45196.7
2019,9,27,45897.0
2019,9,28,32197.0
2019,9,29,28096.7
2019,9,30,47762.6
2019,10,1,47331.6
2019,10,2,44396.9
2019,10,3,40659.6
2019,10,4,39765.3
2019,10,5,30384.4
2019,10,6,25000.0
2019,10,7,41000.0
2019,10,8,42000.0
2019,10,9,42000.0
2019,10,10,41000.0
2019,10,11,42000.0
2019,10,12,31000.0
2019,10,13,24000.0
2019,10,14,42545.6
2019,10,15,48454.4
2019,10,16,48000.0
2019,10,17,45000.0
2019,10,18,40504.4
2019,10,19,31495.6
2019,10,20,24000.0
2019,10,21,43000.0
2019,10,22,46463.3
2019,10,23,44990.0
2019,10,24,46989.5
2019,10,25,46557.2
2019,10,26,26000.0
2019,10,27,26000.0
2019,10,28,43000.0
2019,10,29,43000.0
2019,10,30,44000.0
2019,10,31,44000.0
2019,11,1,26361.1
2019,11,2,29988.9
2019,11,3,24650.0
2019,11,4,46000.0
2019,11,5,44000.0
2019,11,6,42000.0
2019,11,7,42298.9
2019,11,8,41990.0
2019,11,9,33711.1
2019,11,10,26000.0
2019,11,11,45000.0
2019,11,12,46000.0
2019,11,13,48000.0
2019,11,14,47000.0
2019,11,15,43217.8
2019,11,16,31782.2
2019,11,17,26000.0
2019,11,18,43186.7
2019,11,19,43813.3
2019,11,20,44000.0
2019,11,21,43155.6
2019,11,22,41844.4
2019,11,23,34000.0
2019,11,24,28000.0
2019,11,25,46000.0
2019,11,26,45103.3
2019,11,27,46896.7
2019,11,28,44000.0
2019,11,29,42000.0
2019,11,30,35000.0
2019,12,1,28053.3
2019,12,2,49946.7
2019,12,3,48000.0
2019,12,4,50000.0
2019,12,5,52011.1
2019,12,6,52988.9
2019,12,7,36000.0
2019,12,8,24980.0
2019,12,9,48990.0
2019,12,10,46030.0
2019,12,11,50750.0
2019,12,12,52250.0
2019,12,13,50729.2
2019,12,14,34270.8
2019,12,15,27000.0
2019,12,16,49000.0
2019,12,17,20000.0
2019,12,18,0.0
2019,12,19,0.0
2019,12,20,0.0
2019,12,21,0.0
2019,12,22,0.0
2019,12,23,70322.8
2019,12,24,99815.9
2019,12,25,99815.9
2019,12,26,76045.5
2019,12,27,37252.2
2019,12,28,33990.0
2019,12,29,28757.8
2019,12,30,44000.0
2019,12,31,36000.0
