Intervall;StromKW;;
2014-02-01;0,0;;
2014-02-02;0,0;;
2014-02-03;0,0;;
2014-02-04;0,0;;
2014-02-05;0,0;;
2014-02-06;0,0;;
2014-02-07;0,0;;
2014-02-08;0,0;;
2014-02-09;0,0;;
2014-02-10;0,0;;
2014-02-11;0,0;;
2014-02-12;0,0;;
2014-02-13;0,0;;
2014-02-14;0,0;;
2014-02-15;0,0;;
2014-02-16;0,0;;
2014-02-17;0,0;;
2014-02-18;0,0;;
2014-02-19;0,0;;
2014-02-20;0,0;;
2014-02-21;0,0;;
2014-02-22;0,0;;
2014-02-23;0,0;;
2014-02-24;0,0;;
2014-02-25;0,0;;
2014-02-26;0,0;;
2014-02-27;0,0;;
2014-02-28;1 513 140,0;;
2014-03-01;0,0;;
2014-03-02;0,0;;
2014-03-03;0,0;;
2014-03-04;0,0;;
2014-03-05;0,0;;
2014-03-06;0,0;;
2014-03-07;0,0;;
2014-03-08;0,0;;
2014-03-09;0,0;;
2014-03-10;0,0;;
2014-03-11;0,0;;
2014-03-12;0,0;;
2014-03-13;0,0;;
2014-03-14;0,0;;
2014-03-15;0,0;;
2014-03-16;0,0;;
2014-03-17;0,0;;
2014-03-18;0,0;;
2014-03-19;0,0;;
2014-03-20;0,0;;
2014-03-21;0,0;;
2014-03-22;0,0;;
2014-03-23;0,0;;
2014-03-24;0,0;;
2014-03-25;0,0;;
2014-03-26;0,0;;
2014-03-27;0,0;;
2014-03-28;0,0;;
2014-03-29;0,0;;
2014-03-30;0,0;;
2014-03-31;1 527 480,0;;
2014-04-01;0,0;;
2014-04-02;0,0;;
2014-04-03;0,0;;
2014-04-04;0,0;;
2014-04-05;0,0;;
2014-04-06;0,0;;
2014-04-07;0,0;;
2014-04-08;0,0;;
2014-04-09;0,0;;
2014-04-10;0,0;;
2014-04-11;0,0;;
2014-04-12;0,0;;
2014-04-13;0,0;;
2014-04-14;0,0;;
2014-04-15;0,0;;
2014-04-16;0,0;;
2014-04-17;0,0;;
2014-04-18;0,0;;
2014-04-19;0,0;;
2014-04-20;0,0;;
2014-04-21;0,0;;
2014-04-22;0,0;;
2014-04-23;0,0;;
2014-04-24;0,0;;
2014-04-25;0,0;;
2014-04-26;0,0;;
2014-04-27;0,0;;
2014-04-28;0,0;;
2014-04-29;0,0;;
2014-04-30;1 501 080,0;;
2014-05-01;0,0;;
2014-05-02;0,0;;
2014-05-03;0,0;;
2014-05-04;0,0;;
2014-05-05;0,0;;
2014-05-06;0,0;;
2014-05-07;0,0;;
2014-05-08;0,0;;
2014-05-09;0,0;;
2014-05-10;0,0;;
2014-05-11;0,0;;
2014-05-12;0,0;;
2014-05-13;0,0;;
2014-05-14;0,0;;
2014-05-15;0,0;;
2014-05-16;0,0;;
2014-05-17;0,0;;
2014-05-18;0,0;;
2014-05-19;0,0;;
2014-05-20;0,0;;
2014-05-21;0,0;;
2014-05-22;0,0;;
2014-05-23;0,0;;
2014-05-24;0,0;;
2014-05-25;0,0;;
2014-05-26;0,0;;
2014-05-27;0,0;;
2014-05-28;0,0;;
2014-05-29;0,0;;
2014-05-30;0,0;;
2014-05-31;1 627 380,0;;
2014-06-01;0,0;;
2014-06-02;0,0;;
2014-06-03;0,0;;
2014-06-04;0,0;;
2014-06-05;0,0;;
2014-06-06;0,0;;
2014-06-07;0,0;;
2014-06-08;0,0;;
2014-06-09;0,0;;
2014-06-10;0,0;;
2014-06-11;0,0;;
2014-06-12;0,0;;
2014-06-13;0,0;;
2014-06-14;0,0;;
2014-06-15;0,0;;
2014-06-16;0,0;;
2014-06-17;0,0;;
2014-06-18;0,0;;
2014-06-19;0,0;;
2014-06-20;0,0;;
2014-06-21;0,0;;
2014-06-22;0,0;;
2014-06-23;0,0;;
2014-06-24;0,0;;
2014-06-25;0,0;;
2014-06-26;0,0;;
2014-06-27;0,0;;
2014-06-28;0,0;;
2014-06-29;0,0;;
2014-06-30;1 661 760,0;;
2014-07-01;0,0;;
2014-07-02;0,0;;
2014-07-03;0,0;;
2014-07-04;0,0;;
2014-07-05;0,0;;
2014-07-06;0,0;;
2014-07-07;0,0;;
2014-07-08;0,0;;
2014-07-09;0,0;;
2014-07-10;0,0;;
2014-07-11;0,0;;
2014-07-12;0,0;;
2014-07-13;0,0;;
2014-07-14;0,0;;
2014-07-15;0,0;;
2014-07-16;0,0;;
2014-07-17;0,0;;
2014-07-18;0,0;;
2014-07-19;0,0;;
2014-07-20;0,0;;
2014-07-21;0,0;;
2014-07-22;0,0;;
2014-07-23;0,0;;
2014-07-24;0,0;;
2014-07-25;0,0;;
2014-07-26;0,0;;
2014-07-27;0,0;;
2014-07-28;0,0;;
2014-07-29;0,0;;
2014-07-30;0,0;;
2014-07-31;1 768 680,0;;
2014-08-01;0,0;;
2014-08-02;0,0;;
2014-08-03;0,0;;
2014-08-04;0,0;;
2014-08-05;0,0;;
2014-08-06;0,0;;
2014-08-07;0,0;;
2014-08-08;0,0;;
2014-08-09;0,0;;
2014-08-10;0,0;;
2014-08-11;0,0;;
2014-08-12;0,0;;
2014-08-13;0,0;;
2014-08-14;0,0;;
2014-08-15;0,0;;
2014-08-16;0,0;;
2014-08-17;0,0;;
2014-08-18;0,0;;
2014-08-19;0,0;;
2014-08-20;0,0;;
2014-08-21;0,0;;
2014-08-22;0,0;;
2014-08-23;0,0;;
2014-08-24;0,0;;
2014-08-25;0,0;;
2014-08-26;0,0;;
2014-08-27;0,0;;
2014-08-28;0,0;;
2014-08-29;0,0;;
2014-08-30;0,0;;
2014-08-31;1 671 063,0;;
2014-09-01;0,0;;
2014-09-02;0,0;;
2014-09-03;0,0;;
2014-09-04;0,0;;
2014-09-05;0,0;;
2014-09-06;0,0;;
2014-09-07;0,0;;
2014-09-08;0,0;;
2014-09-09;0,0;;
2014-09-10;0,0;;
2014-09-11;0,0;;
2014-09-12;0,0;;
2014-09-13;0,0;;
2014-09-14;0,0;;
2014-09-15;0,0;;
2014-09-16;0,0;;
2014-09-17;0,0;;
2014-09-18;0,0;;
2014-09-19;0,0;;
2014-09-20;0,0;;
2014-09-21;0,0;;
2014-09-22;0,0;;
2014-09-23;0,0;;
2014-09-24;0,0;;
2014-09-25;0,0;;
2014-09-26;0,0;;
2014-09-27;0,0;;
2014-09-28;0,0;;
2014-09-29;0,0;;
2014-09-30;1 544 972,0;;
2014-10-01;0,0;;
2014-10-02;0,0;;
2014-10-03;0,0;;
2014-10-04;0,0;;
2014-10-05;0,0;;
2014-10-06;0,0;;
2014-10-07;0,0;;
2014-10-08;0,0;;
2014-10-09;0,0;;
2014-10-10;0,0;;
2014-10-11;0,0;;
2014-10-12;0,0;;
2014-10-13;0,0;;
2014-10-14;0,0;;
2014-10-15;0,0;;
2014-10-16;0,0;;
2014-10-17;0,0;;
2014-10-18;0,0;;
2014-10-19;0,0;;
2014-10-20;0,0;;
2014-10-21;0,0;;
2014-10-22;0,0;;
2014-10-23;0,0;;
2014-10-24;0,0;;
2014-10-25;0,0;;
2014-10-26;0,0;;
2014-10-27;0,0;;
2014-10-28;0,0;;
2014-10-29;0,0;;
2014-10-30;0,0;;
2014-10-31;1 644 480,0;;
2014-11-01;0,0;;
2014-11-02;0,0;;
2014-11-03;0,0;;
2014-11-04;0,0;;
2014-11-05;0,0;;
2014-11-06;0,0;;
2014-11-07;0,0;;
2014-11-08;0,0;;
2014-11-09;0,0;;
2014-11-10;0,0;;
2014-11-11;0,0;;
2014-11-12;0,0;;
2014-11-13;0,0;;
2014-11-14;0,0;;
2014-11-15;0,0;;
2014-11-16;0,0;;
2014-11-17;0,0;;
2014-11-18;0,0;;
2014-11-19;0,0;;
2014-11-20;0,0;;
2014-11-21;0,0;;
2014-11-22;0,0;;
2014-11-23;0,0;;
2014-11-24;0,0;;
2014-11-25;0,0;;
2014-11-26;0,0;;
2014-11-27;0,0;;
2014-11-28;0,0;;
2014-11-29;0,0;;
2014-11-30;1 541 711,0;;
2014-12-01;0,0;;
2014-12-02;0,0;;
2014-12-03;0,0;;
2014-12-04;0,0;;
2014-12-05;0,0;;
2014-12-06;0,0;;
2014-12-07;0,0;;
2014-12-08;0,0;;
2014-12-09;0,0;;
2014-12-10;0,0;;
2014-12-11;0,0;;
2014-12-12;0,0;;
2014-12-13;0,0;;
2014-12-14;0,0;;
2014-12-15;0,0;;
2014-12-16;0,0;;
2014-12-17;0,0;;
2014-12-18;0,0;;
2014-12-19;0,0;;
2014-12-20;0,0;;
2014-12-21;0,0;;
2014-12-22;0,0;;
2014-12-23;0,0;;
2014-12-24;0,0;;
2014-12-25;0,0;;
2014-12-26;0,0;;
2014-12-27;0,0;;
2014-12-28;0,0;;
2014-12-29;0,0;;
2014-12-30;0,0;;
2014-12-31;1 668 766,0;;
2015-01-01;100 000,0;;
2015-01-02;100 000,0;;
2015-01-03;100 000,0;;
2015-01-04;100 000,0;;
2015-01-05;100 000,0;;
2015-01-06;100 000,0;;
2015-01-07;100 000,0;;
2015-01-08;100 000,0;;
2015-01-09;100 000,0;;
2015-01-10;100 000,0;;
2015-01-11;100 000,0;;
2015-01-12;100 000,0;;
2015-01-13;100 000,0;;
2015-01-14;100 000,0;;
2015-01-15;118 000,0;;
2015-01-16;0,0;;
2015-01-17;0,0;;
2015-01-18;0,0;;
2015-01-19;0,0;;
2015-01-20;0,0;;
2015-01-21;0,0;;
2015-01-22;0,0;;
2015-01-23;0,0;;
2015-01-24;0,0;;
2015-01-25;0,0;;
2015-01-26;0,0;;
2015-01-27;0,0;;
2015-01-28;0,0;;
2015-01-29;0,0;;
2015-01-30;0,0;;
2015-01-31;190 000,0;;
2015-02-01;61 395,0;;
2015-02-02;61 395,0;;
2015-02-03;61 395,0;;
2015-02-04;20 605,3;;
2015-02-05;60 696,2;;
2015-02-06;58 295,8;;
2015-02-07;49 342,6;;
2015-02-08;36 750,1;;
2015-02-09;61 395,6;;
2015-02-10;56 496,0;;
2015-02-11;56 996,0;;
2015-02-12;56 096,0;;
2015-02-13;56 048,7;;
2015-02-14;46 596,8;;
2015-02-15;35 442,4;;
2015-02-16;55 396,4;;
2015-02-17;57 896,0;;
2015-02-18;59 695,4;;
2015-02-19;58 096,2;;
2015-02-20;55 396,4;;
2015-02-21;43 895,7;;
2015-02-22;35 195,8;;
2015-02-23;54 295,8;;
2015-02-24;53 496,2;;
2015-02-25;51 060,6;;
2015-02-26;52 596,7;;
2015-02-27;49 930,3;;
2015-02-28;41 692,4;;
2015-03-01;33 190,9;;
2015-03-02;50 897,0;;
2015-03-03;52 296,7;;
2015-03-04;53 399,4;;
2015-03-05;54 296,4;;
2015-03-06;52 896,0;;
2015-03-07;41 396,0;;
2015-03-08;32 395,6;;
2015-03-09;51 896,4;;
2015-03-10;51 599,5;;
2015-03-11;54 492,1;;
2015-03-12;54 896,0;;
2015-03-13;53 819,6;;
2015-03-14;44 297,0;;
2015-03-15;32 797,0;;
2015-03-16;49 996,7;;
2015-03-17;49 997,3;;
2015-03-18;49 597,0;;
2015-03-19;51 460,8;;
2015-03-20;50 786,5;;
2015-03-21;38 997,0;;
2015-03-22;30 197,3;;
2015-03-23;51 796,7;;
2015-03-24;48 802,4;;
2015-03-25;51 091,5;;
2015-03-26;50 101,3;;
2015-03-27;48 792,7;;
2015-03-28;37 197,0;;
2015-03-29;27 897,0;;
2015-03-30;48 797,3;;
2015-03-31;48 297,0;;
2015-04-01;51 674,7;;
2015-04-02;47 047,8;;
2015-04-03;45 768,1;;
2015-04-04;34 902,1;;
2015-04-05;29 485,8;;
2015-04-06;43 496,4;;
2015-04-07;47 204,0;;
2015-04-08;47 296,7;;
2015-04-09;45 396,3;;
2015-04-10;45 597,0;;
2015-04-11;38 685,5;;
2015-04-12;28 222,2;;
2015-04-13;49 083,6;;
2015-04-14;49 297,0;;
2015-04-15;53 080,8;;
2015-04-16;56 613,3;;
2015-04-17;50 878,7;;
2015-04-18;39 534,7;;
2015-04-19;28 998,0;;
2015-04-20;47 076,9;;
2015-04-21;50 474,9;;
2015-04-22;52 918,8;;
2015-04-23;51 397,3;;
2015-04-24;51 097,0;;
2015-04-25;42 871,3;;
2015-04-26;32 922,7;;
2015-04-27;54 768,9;;
2015-04-28;52 525,1;;
2015-04-29;50 897,1;;
2015-04-30;50 497,2;;
2015-05-01;41 197,0;;
2015-05-02;37 164,0;;
2015-05-03;32 130,0;;
2015-05-04;54 062,0;;
2015-05-05;56 895,8;;
2015-05-06;53 896,2;;
2015-05-07;53 096,0;;
2015-05-08;53 996,4;;
2015-05-09;43 135,6;;
2015-05-10;33 096,7;;
2015-05-11;52 497,5;;
2015-05-12;54 497,2;;
2015-05-13;56 352,9;;
2015-05-14;42 941,1;;
2015-05-15;47 597,0;;
2015-05-16;18 337,7;;
2015-05-17;0,0;;
2015-05-18;0,0;;
2015-05-19;0,0;;
2015-05-20;0,0;;
2015-05-21;0,0;;
2015-05-22;0,0;;
2015-05-23;0,0;;
2015-05-24;0,0;;
2015-05-25;0,0;;
2015-05-26;0,0;;
2015-05-27;159 636,2;;
2015-05-28;262 286,0;;
2015-05-29;199 938,3;;
2015-05-30;42 396,3;;
2015-05-31;31 558,3;;
2015-06-01;14 985,0;;
2015-06-02;0,0;;
2015-06-03;0,0;;
2015-06-04;0,0;;
2015-06-05;0,0;;
2015-06-06;0,0;;
2015-06-07;0,0;;
2015-06-08;0,0;;
2015-06-09;0,0;;
2015-06-10;0,0;;
2015-06-11;0,0;;
2015-06-12;0,0;;
2015-06-13;0,0;;
2015-06-14;0,0;;
2015-06-15;786 795,1;;
2015-06-16;54 573,2;;
2015-06-17;52 297,0;;
2015-06-18;55 297,3;;
2015-06-19;51 797,0;;
2015-06-20;42 597,0;;
2015-06-21;35 914,9;;
2015-06-22;56 996,0;;
2015-06-23;52 996,4;;
2015-06-24;53 496,0;;
2015-06-25;55 082,3;;
2015-06-26;55 709,7;;
2015-06-27;45 596,0;;
2015-06-28;37 385,4;;
2015-06-29;55 206,7;;
2015-06-30;58 096,0;;
2015-07-01;59 696,0;;
2015-07-02;60 596,0;;
2015-07-03;59 296,4;;
2015-07-04;49 496,0;;
2015-07-05;37 096,0;;
2015-07-06;61 799,1;;
2015-07-07;62 093,3;;
2015-07-08;58 196,4;;
2015-07-09;51 695,3;;
2015-07-10;49 796,7;;
2015-07-11;41 196,4;;
2015-07-12;34 596,0;;
2015-07-13;52 395,6;;
2015-07-14;52 996,4;;
2015-07-15;55 996,4;;
2015-07-16;58 196,0;;
2015-07-17;59 896,9;;
2015-07-18;47 595,6;;
2015-07-19;39 096,4;;
2015-07-20;59 996,0;;
2015-07-21;62 384,8;;
2015-07-22;62 207,7;;
2015-07-23;59 159,1;;
2015-07-24;57 922,7;;
2015-07-25;46 843,6;;
2015-07-26;34 321,8;;
2015-07-27;52 396,4;;
2015-07-28;52 096,0;;
2015-07-29;49 196,4;;
2015-07-30;50 195,1;;
2015-07-31;50 296,4;;
2015-08-01;41 596,4;;
2015-08-02;33 178,2;;
2015-08-03;58 313,9;;
2015-08-04;62 711,9;;
2015-08-05;63 195,0;;
2015-08-06;62 781,6;;
2015-08-07;63 396,4;;
2015-08-08;51 696,0;;
2015-08-09;40 796,0;;
2015-08-10;61 096,0;;
2015-08-11;60 805,7;;
2015-08-12;61 495,6;;
2015-08-13;62 795,0;;
2015-08-14;62 095,0;;
2015-08-15;48 390,2;;
2015-08-16;39 196,0;;
2015-08-17;53 292,9;;
2015-08-18;50 097,0;;
2015-08-19;50 097,3;;
2015-08-20;50 396,7;;
2015-08-21;50 797,3;;
2015-08-22;41 496,1;;
2015-08-23;34 097,9;;
2015-08-24;55 193,7;;
2015-08-25;52 196,0;;
2015-08-26;50 696,4;;
2015-08-27;54 095,6;;
2015-08-28;54 661,8;;
2015-08-29;48 655,2;;
2015-08-30;40 537,7;;
2015-08-31;63 252,3;;
2015-09-01;62 939,2;;
2015-09-02;56 096,4;;
2015-09-03;54 596,0;;
2015-09-04;53 896,0;;
2015-09-05;41 696,4;;
2015-09-06;34 445,6;;
2015-09-07;50 746,9;;
2015-09-08;52 895,3;;
2015-09-09;51 395,8;;
2015-09-10;53 696,4;;
2015-09-11;51 996,0;;
2015-09-12;43 196,3;;
2015-09-13;35 696,2;;
2015-09-14;55 396,0;;
2015-09-15;55 995,6;;
2015-09-16;59 496,4;;
2015-09-17;61 295,6;;
2015-09-18;56 096,0;;
2015-09-19;43 859,1;;
2015-09-20;35 833,4;;
2015-09-21;52 896,2;;
2015-09-22;54 061,3;;
2015-09-23;52 597,0;;
2015-09-24;50 929,6;;
2015-09-25;51 164,7;;
2015-09-26;41 497,1;;
2015-09-27;35 526,7;;
2015-09-28;50 996,4;;
2015-09-29;50 995,1;;
2015-09-30;51 996,0;;
2015-10-01;51 996,0;;
2015-10-02;52 596,8;;
2015-10-03;44 195,6;;
2015-10-04;37 796,1;;
2015-10-05;54 196,0;;
2015-10-06;53 795,7;;
2015-10-07;54 376,4;;
2015-10-08;52 696,7;;
2015-10-09;49 615,8;;
2015-10-10;42 579,5;;
2015-10-11;34 196,7;;
2015-10-12;55 397,3;;
2015-10-13;55 597,1;;
2015-10-14;53 895,7;;
2015-10-15;52 358,7;;
2015-10-16;52 036,7;;
2015-10-17;41 597,0;;
2015-10-18;33 497,3;;
2015-10-19;49 197,3;;
2015-10-20;46 797,0;;
2015-10-21;46 595,4;;
2015-10-22;45 960,0;;
2015-10-23;45 031,1;;
2015-10-24;36 200,9;;
2015-10-25;27 896,0;;
2015-10-26;34 698,7;;
2015-10-27;51 297,0;;
2015-10-28;53 195,7;;
2015-10-29;53 377,0;;
2015-10-30;51 386,6;;
2015-10-31;41 196,1;;
2015-11-01;31 996,4;;
2015-11-02;53 909,3;;
2015-11-03;52 897,0;;
2015-11-04;56 381,7;;
2015-11-05;53 995,6;;
2015-11-06;53 413,4;;
2015-11-07;44 578,6;;
2015-11-08;37 595,6;;
2015-11-09;54 896,8;;
2015-11-10;56 296,0;;
2015-11-11;56 196,0;;
2015-11-12;53 819,3;;
2015-11-13;52 496,7;;
2015-11-14;42 997,0;;
2015-11-15;36 197,0;;
2015-11-16;54 669,7;;
2015-11-17;55 524,7;;
2015-11-18;56 467,7;;
2015-11-19;55 296,0;;
2015-11-20;53 496,4;;
2015-11-21;44 795,6;;
2015-11-22;39 695,6;;
2015-11-23;58 530,4;;
2015-11-24;58 597,5;;
2015-11-25;60 360,6;;
2015-11-26;58 733,3;;
2015-11-27;57 497,0;;
2015-11-28;45 897,3;;
2015-11-29;36 897,0;;
2015-11-30;50 055,3;;
2015-12-01;50 438,0;;
2015-12-02;50 796,7;;
2015-12-03;51 897,3;;
2015-12-04;52 451,6;;
2015-12-05;41 142,4;;
2015-12-06;34 597,0;;
2015-12-07;58 249,0;;
2015-12-08;49 696,0;;
2015-12-09;59 446,0;;
2015-12-10;56 796,7;;
2015-12-11;60 644,9;;
2015-12-12;44 049,4;;
2015-12-13;33 742,4;;
2015-12-14;57 151,7;;
2015-12-15;59 597,0;;
2015-12-16;59 340,0;;
2015-12-17;58 554,0;;
2015-12-18;58 897,0;;
2015-12-19;46 797,0;;
2015-12-20;35 796,7;;
2015-12-21;56 997,3;;
2015-12-22;29 287,3;;
2015-12-23;57 000,0;;
2015-12-24;36 000,0;;
2015-12-25;36 000,0;;
2015-12-26;46 000,0;;
2015-12-27;36 000,0;;
2015-12-28;57 000,0;;
2015-12-29;57 000,0;;
2015-12-30;57 000,0;;
2015-12-31;36 000,0;;
2016-01-01;36 000,0;;
2016-01-02;46 000,0;;
2016-01-03;36 000,0;;
2016-01-04;57 000,0;;
2016-01-05;57 000,0;;
2016-01-06;57 000,0;;
2016-01-07;57 000,0;;
2016-01-08;57 000,0;;
2016-01-09;46 000,0;;
2016-01-10;36 000,0;;
2016-01-11;34 930,0;;
2016-01-12;54 921,8;;
2016-01-13;56 569,7;;
2016-01-14;56 596,4;;
2016-01-15;57 525,2;;
2016-01-16;49 266,6;;
2016-01-17;43 964,4;;
2016-01-18;63 627,3;;
2016-01-19;61 996,0;;
2016-01-20;61 030,6;;
2016-01-21;61 461,5;;
2016-01-22;60 996,0;;
2016-01-23;50 333,3;;
2016-01-24;43 358,2;;
2016-01-25;55 735,8;;
2016-01-26;51 456,7;;
2016-01-27;53 737,3;;
2016-01-28;50 654,5;;
2016-01-29;50 538,9;;
2016-01-30;43 997,0;;
2016-01-31;31 997,0;;
2016-02-01;47 596,8;;
2016-02-02;47 896,8;;
2016-02-03;50 448,8;;
2016-02-04;51 396,0;;
2016-02-05;50 346,6;;
2016-02-06;39 296,7;;
2016-02-07;23 815,7;;
2016-02-08;43 596,7;;
2016-02-09;44 997,0;;
2016-02-10;47 997,3;;
2016-02-11;51 212,8;;
2016-02-12;52 281,0;;
2016-02-13;42 711,1;;
2016-02-14;32 082,9;;
2016-02-15;47 197,0;;
2016-02-16;51 296,7;;
2016-02-17;53 507,0;;
2016-02-18;52 796,4;;
2016-02-19;51 696,0;;
2016-02-20;40 688,6;;
2016-02-21;36 497,0;;
2016-02-22;48 897,0;;
2016-02-23;47 401,0;;
2016-02-24;51 792,7;;
2016-02-25;53 099,3;;
2016-02-26;52 595,0;;
2016-02-27;42 697,0;;
2016-02-28;40 696,4;;
2016-02-29;50 997,2;;
2016-03-01;53 297,3;;
2016-03-02;52 897,0;;
2016-03-03;51 397,0;;
2016-03-04;50 297,0;;
2016-03-05;38 903,8;;
2016-03-06;27 889,9;;
2016-03-07;52 097,0;;
2016-03-08;54 697,0;;
2016-03-09;53 586,3;;
2016-03-10;51 708,0;;
2016-03-11;50 597,0;;
2016-03-12;38 596,7;;
2016-03-13;29 196,7;;
2016-03-14;50 397,0;;
2016-03-15;55 279,8;;
2016-03-16;54 996,0;;
2016-03-17;51 715,2;;
2016-03-18;48 297,0;;
2016-03-19;38 296,7;;
2016-03-20;28 997,1;;
2016-03-21;45 797,3;;
2016-03-22;46 121,2;;
2016-03-23;46 197,8;;
2016-03-24;45 898,0;;
2016-03-25;37 570,7;;
2016-03-26;32 425,3;;
2016-03-27;27 068,7;;
2016-03-28;34 497,0;;
2016-03-29;44 696,7;;
2016-03-30;44 629,7;;
2016-03-31;46 830,9;;
2016-04-01;46 930,4;;
2016-04-02;35 932,4;;
2016-04-03;26 561,6;;
2016-04-04;51 197,0;;
2016-04-05;52 097,1;;
2016-04-06;50 597,0;;
2016-04-07;49 997,2;;
2016-04-08;48 297,0;;
2016-04-09;37 039,3;;
2016-04-10;27 711,1;;
2016-04-11;48 140,2;;
2016-04-12;47 297,0;;
2016-04-13;48 697,0;;
2016-04-14;49 496,8;;
2016-04-15;48 197,3;;
2016-04-16;4 445,2;;
2016-04-17;46 727,0;;
2016-04-18;46 727,0;;
2016-04-19;46 727,0;;
2016-04-20;46 727,0;;
2016-04-21;46 727,0;;
2016-04-22;46 727,0;;
2016-04-23;46 727,0;;
2016-04-24;46 727,0;;
2016-04-25;46 727,0;;
2016-04-26;46 727,0;;
2016-04-27;46 727,0;;
2016-04-28;46 727,0;;
2016-04-29;46 727,0;;
2016-04-30;46 727,0;;
2016-05-01;46 727,0;;
2016-05-02;46 727,0;;
2016-05-03;46 727,0;;
2016-05-04;46 727,0;;
2016-05-05;34 596,8;;
2016-05-06;45 696,9;;
2016-05-07;37 038,1;;
2016-05-08;27 655,9;;
2016-05-09;48 397,0;;
2016-05-10;47 396,7;;
2016-05-11;48 297,0;;
2016-05-12;47 997,0;;
2016-05-13;45 097,0;;
2016-05-14;34 097,0;;
2016-05-15;26 346,2;;
2016-05-16;34 547,8;;
2016-05-17;42 196,8;;
2016-05-18;47 197,0;;
2016-05-19;47 996,8;;
2016-05-20;46 351,3;;
2016-05-21;38 242,7;;
2016-05-22;30 996,9;;
2016-05-23;51 896,8;;
2016-05-24;47 755,4;;
2016-05-25;51 038,6;;
2016-05-26;42 197,0;;
2016-05-27;51 035,6;;
2016-05-28;43 058,2;;
2016-05-29;32 897,2;;
2016-05-30;54 097,0;;
2016-05-31;54 131,4;;
2016-06-01;53 895,7;;
2016-06-02;52 563,6;;
2016-06-03;52 497,0;;
2016-06-04;42 397,0;;
2016-06-05;31 596,7;;
2016-06-06;55 925,5;;
2016-06-07;52 968,9;;
2016-06-08;54 497,0;;
2016-06-09;54 496,9;;
2016-06-10;52 421,1;;
2016-06-11;40 872,7;;
2016-06-12;37 697,0;;
2016-06-13;52 997,0;;
2016-06-14;53 196,7;;
2016-06-15;51 416,2;;
2016-06-16;56 396,0;;
2016-06-17;51 578,8;;
2016-06-18;41 097,0;;
2016-06-19;39 096,7;;
2016-06-20;50 197,3;;
2016-06-21;54 197,0;;
2016-06-22;56 397,0;;
2016-06-23;58 607,8;;
2016-06-24;60 996,0;;
2016-06-25;48 796,0;;
2016-06-26;32 187,9;;
2016-06-27;48 597,0;;
2016-06-28;51 897,0;;
2016-06-29;55 501,7;;
2016-06-30;56 092,0;;
2016-07-01;53 800,0;;
2016-07-02;43 496,0;;
2016-07-03;30 995,0;;
2016-07-04;49 997,0;;
2016-07-05;51 596,0;;
2016-07-06;49 698,0;;
2016-07-07;47 997,0;;
2016-07-08;51 296,7;;
2016-07-09;38 097,0;;
2016-07-10;33 397,0;;
2016-07-11;56 489,9;;
2016-07-12;53 904,1;;
2016-07-13;48 497,0;;
2016-07-14;44 496,7;;
2016-07-15;43 597,0;;
2016-07-16;32 397,3;;
2016-07-17;29 696,7;;
2016-07-18;50 697,0;;
2016-07-19;49 997,0;;
2016-07-20;49 880,8;;
2016-07-21;51 113,0;;
2016-07-22;50 396,9;;
2016-07-23;40 578,0;;
2016-07-24;33 616,3;;
2016-07-25;50 375,8;;
2016-07-26;51 095,7;;
2016-07-27;51 795,9;;
2016-07-28;48 496,0;;
2016-07-29;48 496,0;;
2016-07-30;39 896,0;;
2016-07-31;30 123,1;;
2016-08-01;44 096,9;;
2016-08-02;44 297,2;;
2016-08-03;45 766,3;;
2016-08-04;49 427,8;;
2016-08-05;43 796,7;;
2016-08-06;34 397,0;;
2016-08-07;29 297,0;;
2016-08-08;47 296,8;;
2016-08-09;46 096,9;;
2016-08-10;42 097,0;;
2016-08-11;41 297,0;;
2016-08-12;40 436,6;;
2016-08-13;33 157,4;;
2016-08-14;29 096,7;;
2016-08-15;31 297,2;;
2016-08-16;46 397,1;;
2016-08-17;44 997,0;;
2016-08-18;45 097,0;;
2016-08-19;45 550,0;;
2016-08-20;35 943,7;;
2016-08-21;28 145,7;;
2016-08-22;43 648,2;;
2016-08-23;46 596,8;;
2016-08-24;48 845,2;;
2016-08-25;48 996,4;;
2016-08-26;47 949,3;;
2016-08-27;38 297,0;;
2016-08-28;31 997,0;;
2016-08-29;50 040,0;;
2016-08-30;48 553,6;;
2016-08-31;46 597,0;;
2016-09-01;47 897,0;;
2016-09-02;47 797,0;;
2016-09-03;36 797,3;;
2016-09-04;31 296,7;;
2016-09-05;46 697,0;;
2016-09-06;44 697,0;;
2016-09-07;47 597,0;;
2016-09-08;51 096,7;;
2016-09-09;51 097,0;;
2016-09-10;39 497,0;;
2016-09-11;31 427,0;;
2016-09-12;54 267,0;;
2016-09-13;55 524,6;;
2016-09-14;54 896,0;;
2016-09-15;53 070,4;;
2016-09-16;52 197,0;;
2016-09-17;36 496,9;;
2016-09-18;28 596,8;;
2016-09-19;47 718,9;;
2016-09-20;46 675,1;;
2016-09-21;46 796,7;;
2016-09-22;46 397,0;;
2016-09-23;45 397,0;;
2016-09-24;33 697,0;;
2016-09-25;27 481,2;;
2016-09-26;46 412,7;;
2016-09-27;46 696,7;;
2016-09-28;47 697,0;;
2016-09-29;50 797,0;;
2016-09-30;48 597,3;;
2016-10-01;36 596,7;;
2016-10-02;29 788,3;;
2016-10-03;46 305,7;;
2016-10-04;46 096,7;;
2016-10-05;45 397,0;;
2016-10-06;46 897,0;;
2016-10-07;45 597,0;;
2016-10-08;34 997,0;;
2016-10-09;27 395,2;;
2016-10-10;44 998,0;;
2016-10-11;46 198,0;;
2016-10-12;46 196,8;;
2016-10-13;44 096,7;;
2016-10-14;42 897,0;;
2016-10-15;35 997,0;;
2016-10-16;27 802,6;;
2016-10-17;46 991,1;;
2016-10-18;47 497,0;;
2016-10-19;45 297,0;;
2016-10-20;46 097,0;;
2016-10-21;44 197,0;;
2016-10-22;35 696,7;;
2016-10-23;29 897,0;;
2016-10-24;46 697,0;;
2016-10-25;48 297,3;;
2016-10-26;28 212,5;;
2016-10-27;45 281,2;;
2016-10-28;43 797,0;;
2016-10-29;33 997,0;;
2016-10-30;25 916,6;;
2016-10-31;43 377,1;;
2016-11-01;31 818,9;;
2016-11-02;47 198,0;;
2016-11-03;47 950,2;;
2016-11-04;49 620,6;;
2016-11-05;38 396,9;;
2016-11-06;26 897,0;;
2016-11-07;49 097,0;;
2016-11-08;51 197,0;;
2016-11-09;49 997,0;;
2016-11-10;48 727,9;;
2016-11-11;48 197,9;;
2016-11-12;40 864,9;;
2016-11-13;32 397,0;;
2016-11-14;52 697,0;;
2016-11-15;54 096,7;;
2016-11-16;53 197,0;;
2016-11-17;50 397,2;;
2016-11-18;49 796,9;;
2016-11-19;36 996,9;;
2016-11-20;27 997,0;;
2016-11-21;46 397,0;;
2016-11-22;46 696,7;;
2016-11-23;47 841,3;;
2016-11-24;48 852,7;;
2016-11-25;46 343,3;;
2016-11-26;34 897,9;;
2016-11-27;29 349,6;;
2016-11-28;50 496,8;;
2016-11-29;53 697,0;;
2016-11-30;51 945,6;;
2016-12-01;50 200,9;;
2016-12-02;49 044,4;;
2016-12-03;40 696,8;;
2016-12-04;33 497,0;;
2016-12-05;56 297,0;;
2016-12-06;54 797,2;;
2016-12-07;52 096,8;;
2016-12-08;45 437,4;;
2016-12-09;47 117,0;;
2016-12-10;32 297,9;;
2016-12-11;26 098,0;;
2016-12-12;48 970,7;;
2016-12-13;53 760,6;;
2016-12-14;55 896,8;;
2016-12-15;52 197,0;;
2016-12-16;53 529,2;;
2016-12-17;42 396,3;;
2016-12-18;31 365,5;;
2016-12-19;55 497,0;;
2016-12-20;56 997,0;;
2016-12-21;56 096,9;;
2016-12-22;54 596,8;;
2016-12-23;50 097,0;;
2016-12-24;33 697,0;;
2016-12-25;24 073,9;;
2016-12-26;28 398,0;;
2016-12-27;40 597,8;;
2016-12-28;41 738,0;;
2016-12-29;45 676,9;;
2016-12-30;47 896,7;;
2016-12-31;37 213,9;;
2017-01-01;30 180,1;;
2017-01-02;48 897,0;;
2017-01-03;48 397,0;;
2017-01-04;47 897,0;;
2017-01-05;51 097,0;;
2017-01-06;39 497,0;;
2017-01-07;41 996,7;;
2017-01-08;34 697,0;;
2017-01-09;57 404,8;;
2017-01-10;57 596,0;;
2017-01-11;57 689,9;;
2017-01-12;52 697,0;;
2017-01-13;50 797,0;;
2017-01-14;42 596,7;;
2017-01-15;32 597,0;;
2017-01-16;55 997,3;;
2017-01-17;57 196,7;;
2017-01-18;53 566,3;;
2017-01-19;38 731,1;;
2017-01-20;48 906,5;;
2017-01-21;44 592,1;;
2017-01-22;35 396,0;;
2017-01-23;56 402,5;;
2017-01-24;56 797,0;;
2017-01-25;56 696,7;;
2017-01-26;55 897,0;;
2017-01-27;54 597,0;;
2017-01-28;44 496,7;;
2017-01-29;35 584,2;;
2017-01-30;55 996,4;;
2017-01-31;54 110,7;;
2017-02-01;53 396,7;;
2017-02-02;53 580,2;;
2017-02-03;50 813,8;;
2017-02-04;39 497,0;;
2017-02-05;26 496,7;;
2017-02-06;47 776,1;;
2017-02-07;51 917,9;;
2017-02-08;51 096,7;;
2017-02-09;51 120,9;;
2017-02-10;49 498,0;;
2017-02-11;38 198,0;;
2017-02-12;29 797,8;;
2017-02-13;49 298,2;;
2017-02-14;48 369,0;;
2017-02-15;46 426,8;;
2017-02-16;48 498,0;;
2017-02-17;47 565,9;;
2017-02-18;34 530,0;;
2017-02-19;26 663,7;;
2017-02-20;44 832,2;;
2017-02-21;42 561,8;;
2017-02-22;41 997,0;;
2017-02-23;43 497,0;;
2017-02-24;44 097,0;;
2017-02-25;34 496,8;;
2017-02-26;28 838,2;;
2017-02-27;43 598,0;;
2017-02-28;43 754,7;;
2017-03-01;43 196,8;;
2017-03-02;42 096,9;;
2017-03-03;40 843,4;;
2017-03-04;31 050,6;;
2017-03-05;27 245,3;;
2017-03-06;41 597,9;;
2017-03-07;40 398,0;;
2017-03-08;41 046,4;;
2017-03-09;43 949,6;;
2017-03-10;44 644,3;;
2017-03-11;32 051,6;;
2017-03-12;22 214,5;;
2017-03-13;42 798,0;;
2017-03-14;44 297,8;;
2017-03-15;43 439,3;;
2017-03-16;44 697,0;;
2017-03-17;44 596,9;;
2017-03-18;32 758,6;;
2017-03-19;24 435,2;;
2017-03-20;44 560,8;;
2017-03-21;44 997,8;;
2017-03-22;45 732,1;;
2017-03-23;42 963,9;;
2017-03-24;41 698,0;;
2017-03-25;30 298,0;;
2017-03-26;21 798,0;;
2017-03-27;44 198,0;;
2017-03-28;47 198,0;;
2017-03-29;48 825,0;;
2017-03-30;47 770,8;;
2017-03-31;46 523,0;;
2017-04-01;36 097,0;;
2017-04-02;27 196,9;;
2017-04-03;46 774,9;;
2017-04-04;44 498,0;;
2017-04-05;44 717,9;;
2017-04-06;43 877,9;;
2017-04-07;42 215,8;;
2017-04-08;31 380,2;;
2017-04-09;25 098,0;;
2017-04-10;41 512,8;;
2017-04-11;39 583,2;;
2017-04-12;38 410,8;;
2017-04-13;37 185,0;;
2017-04-14;30 798,0;;
2017-04-15;25 498,0;;
2017-04-16;22 198,0;;
2017-04-17;27 197,8;;
2017-04-18;39 898,0;;
2017-04-19;46 703,6;;
2017-04-20;39 796,7;;
2017-04-21;37 793,6;;
2017-04-22;29 598,0;;
2017-04-23;21 799,8;;
2017-04-24;40 096,2;;
2017-04-25;44 797,4;;
2017-04-26;42 698,6;;
2017-04-27;42 497,8;;
2017-04-28;38 794,3;;
2017-04-29;30 701,7;;
2017-04-30;25 097,8;;
2017-05-01;29 091,2;;
2017-05-02;44 404,8;;
2017-05-03;44 289,2;;
2017-05-04;44 206,8;;
2017-05-05;43 387,2;;
2017-05-06;36 296,7;;
2017-05-07;27 497,3;;
2017-05-08;46 396,7;;
2017-05-09;44 697,0;;
2017-05-10;43 397,0;;
2017-05-11;47 797,0;;
2017-05-12;48 878,7;;
2017-05-13;3 172,0;;
2017-05-14;0,0;;
2017-05-15;0,0;;
2017-05-16;0,0;;
2017-05-17;0,0;;
2017-05-18;0,0;;
2017-05-19;0,0;;
2017-05-20;0,0;;
2017-05-21;0,0;;
2017-05-22;0,0;;
2017-05-23;0,0;;
2017-05-24;0,0;;
2017-05-25;0,0;;
2017-05-26;0,0;;
2017-05-27;0,0;;
2017-05-28;0,0;;
2017-05-29;0,0;;
2017-05-30;0,0;;
2017-05-31;1 328 060,5;;
2017-06-01;1 070 093,0;;
2017-06-02;0,0;;
2017-06-03;0,0;;
2017-06-04;0,0;;
2017-06-05;0,0;;
2017-06-06;0,0;;
2017-06-07;0,0;;
2017-06-08;0,0;;
2017-06-09;0,0;;
2017-06-10;0,0;;
2017-06-11;0,0;;
2017-06-12;0,0;;
2017-06-13;0,0;;
2017-06-14;0,0;;
2017-06-15;0,0;;
2017-06-16;0,0;;
2017-06-17;0,0;;
2017-06-18;0,0;;
2017-06-19;0,0;;
2017-06-20;0,0;;
2017-06-21;0,0;;
2017-06-22;0,0;;
2017-06-23;0,0;;
2017-06-24;0,0;;
2017-06-25;0,0;;
2017-06-26;0,0;;
2017-06-27;0,0;;
2017-06-28;0,0;;
2017-06-29;0,0;;
2017-06-30;0,0;;
2017-07-01;0,0;;
2017-07-02;0,0;;
2017-07-03;0,0;;
2017-07-04;0,7;;
2017-07-05;52 347,4;;
2017-07-06;53 446,6;;
2017-07-07;51 745,2;;
2017-07-08;41 448,8;;
2017-07-09;30 397,0;;
2017-07-10;54 597,0;;
2017-07-11;49 996,9;;
2017-07-12;52 196,8;;
2017-07-13;46 097,0;;
2017-07-14;44 197,0;;
2017-07-15;31 097,0;;
2017-07-16;26 957,6;;
2017-07-17;48 636,1;;
2017-07-18;50 534,2;;
2017-07-19;50 259,8;;
2017-07-20;51 561,7;;
2017-07-21;50 732,0;;
2017-07-22;41 297,0;;
2017-07-23;30 697,0;;
2017-07-24;49 197,0;;
2017-07-25;43 766,8;;
2017-07-26;42 297,8;;
2017-07-27;42 798,0;;
2017-07-28;46 098,1;;
2017-07-29;35 223,9;;
2017-07-30;31 197,1;;
2017-07-31;53 097,0;;
2017-08-01;52 997,0;;
2017-08-02;53 497,0;;
2017-08-03;52 596,7;;
2017-08-04;55 416,9;;
2017-08-05;39 877,1;;
2017-08-06;29 297,0;;
2017-08-07;44 896,9;;
2017-08-08;46 496,7;;
2017-08-09;52 497,0;;
2017-08-10;53 397,0;;
2017-08-11;42 897,0;;
2017-08-12;31 785,2;;
2017-08-13;25 597,8;;
2017-08-14;45 098,0;;
2017-08-15;32 098,0;;
2017-08-16;50 013,3;;
2017-08-17;49 882,7;;
2017-08-18;50 703,7;;
2017-08-19;33 192,3;;
2017-08-20;25 098,0;;
2017-08-21;41 997,8;;
2017-08-22;42 799,6;;
2017-08-23;43 397,0;;
2017-08-24;47 696,7;;
2017-08-25;50 397,0;;
2017-08-26;38 597,0;;
2017-08-27;29 958,7;;
2017-08-28;48 797,0;;
2017-08-29;48 197,0;;
2017-08-30;50 296,7;;
2017-08-31;50 897,0;;
2017-09-01;46 551,8;;
2017-09-02;32 598,0;;
2017-09-03;26 140,9;;
2017-09-04;45 454,9;;
2017-09-05;46 339,3;;
2017-09-06;45 896,9;;
2017-09-07;44 197,0;;
2017-09-08;46 297,0;;
2017-09-09;33 659,8;;
2017-09-10;26 133,9;;
2017-09-11;43 697,0;;
2017-09-12;43 196,9;;
2017-09-13;45 363,9;;
2017-09-14;45 130,0;;
2017-09-15;42 297,0;;
2017-09-16;31 596,9;;
2017-09-17;25 468,1;;
2017-09-18;43 598,0;;
2017-09-19;43 324,6;;
2017-09-20;42 997,0;;
2017-09-21;42 997,0;;
2017-09-22;41 996,9;;
2017-09-23;31 274,1;;
2017-09-24;27 519,7;;
2017-09-25;43 997,0;;
2017-09-26;45 896,9;;
2017-09-27;45 496,7;;
2017-09-28;45 597,0;;
2017-09-29;44 297,1;;
2017-09-30;33 597,2;;
2017-10-01;27 882,2;;
2017-10-02;43 711,6;;
2017-10-03;44 484,4;;
2017-10-04;44 609,5;;
2017-10-05;46 696,7;;
2017-10-06;42 997,0;;
2017-10-07;33 988,4;;
2017-10-08;26 305,7;;
2017-10-09;43 897,0;;
2017-10-10;45 996,7;;
2017-10-11;48 697,0;;
2017-10-12;47 597,0;;
2017-10-13;46 994,5;;
2017-10-14;35 598,0;;
2017-10-15;26 898,0;;
2017-10-16;47 897,2;;
2017-10-17;47 496,7;;
2017-10-18;47 797,0;;
2017-10-19;46 097,0;;
2017-10-20;44 301,9;;
2017-10-21;35 592,1;;
2017-10-22;27 997,0;;
2017-10-23;44 896,7;;
2017-10-24;45 497,0;;
2017-10-25;45 097,0;;
2017-10-26;29 797,0;;
2017-10-27;43 696,7;;
2017-10-28;31 897,0;;
2017-10-29;25 696,7;;
2017-10-30;43 297,0;;
2017-10-31;43 697,3;;
2017-11-01;27 796,4;;
2017-11-02;42 096,9;;
2017-11-03;43 297,3;;
2017-11-04;34 017,3;;
2017-11-05;24 455,3;;
2017-11-06;46 598,0;;
2017-11-07;44 211,6;;
2017-11-08;47 684,2;;
2017-11-09;45 298,0;;
2017-11-10;44 898,0;;
2017-11-11;33 598,0;;
2017-11-12;25 698,0;;
2017-11-13;48 905,1;;
2017-11-14;48 197,0;;
2017-11-15;47 891,7;;
2017-11-16;48 397,8;;
2017-11-17;47 898,2;;
2017-11-18;34 998,0;;
2017-11-19;29 297,8;;
2017-11-20;48 598,2;;
2017-11-21;47 697,0;;
2017-11-22;45 796,7;;
2017-11-23;49 797,0;;
2017-11-24;47 797,0;;
2017-11-25;34 901,9;;
2017-11-26;28 697,8;;
2017-11-27;48 291,0;;
2017-11-28;48 997,3;;
2017-11-29;49 296,7;;
2017-11-30;51 797,0;;
2017-12-01;49 897,0;;
2017-12-02;39 609,0;;
2017-12-03;29 484,7;;
2017-12-04;52 711,1;;
2017-12-05;49 198,0;;
2017-12-06;48 081,6;;
2017-12-07;47 997,0;;
2017-12-08;35 315,2;;
2017-12-09;37 178,8;;
2017-12-10;27 996,9;;
2017-12-11;46 718,3;;
2017-12-12;48 075,8;;
2017-12-13;47 496,7;;
2017-12-14;47 197,0;;
2017-12-15;45 597,0;;
2017-12-16;35 796,7;;
2017-12-17;27 124,4;;
2017-12-18;50 698,0;;
2017-12-19;50 868,5;;
2017-12-20;49 497,1;;
2017-12-21;48 396,8;;
2017-12-22;42 429,5;;
2017-12-23;29 064,4;;
2017-12-24;22 631,4;;
2017-12-25;31 597,9;;
2017-12-26;33 698,0;;
2017-12-27;39 698,0;;
2017-12-28;40 198,0;;
2017-12-29;43 898,0;;
2017-12-30;34 998,0;;
2017-12-31;23 156,1;;
2018-01-01;28 239,6;;
2018-01-02;40 554,2;;
2018-01-03;42 897,0;;
2018-01-04;40 996,7;;
2018-01-05;39 543,9;;
2018-01-06;25 598,0;;
2018-01-07;23 797,8;;
2018-01-08;46 898,0;;
2018-01-09;46 998,1;;
2018-01-10;48 946,2;;
2018-01-11;46 249,7;;
2018-01-12;46 444,0;;
2018-01-13;37 552,0;;
2018-01-14;30 097,8;;
2018-01-15;52 498,0;;
2018-01-16;51 098,0;;
2018-01-17;48 797,8;;
2018-01-18;47 798,1;;
2018-01-19;45 098,1;;
2018-01-20;36 497,8;;
2018-01-21;29 798,0;;
2018-01-22;50 733,8;;
2018-01-23;48 497,0;;
2018-01-24;47 396,7;;
2018-01-25;48 297,0;;
2018-01-26;47 797,0;;
2018-01-27;36 866,3;;
2018-01-28;25 527,7;;
2018-01-29;42 396,9;;
2018-01-30;43 496,8;;
2018-01-31;43 997,0;;
2018-02-01;44 271,4;;
2018-02-02;43 297,8;;
2018-02-03;34 298,0;;
2018-02-04;26 198,0;;
2018-02-05;46 298,2;;
2018-02-06;46 597,8;;
2018-02-07;46 598,0;;
2018-02-08;47 516,4;;
2018-02-09;46 496,7;;
2018-02-10;37 880,7;;
2018-02-11;26 198,0;;
2018-02-12;45 712,3;;
2018-02-13;48 897,0;;
2018-02-14;48 984,5;;
2018-02-15;46 809,2;;
2018-02-16;46 186,8;;
2018-02-17;39 597,8;;
2018-02-18;30 098,2;;
2018-02-19;47 498,0;;
2018-02-20;48 697,8;;
2018-02-21;49 298,0;;
2018-02-22;49 098,0;;
2018-02-23;48 200,8;;
2018-02-24;41 997,0;;
2018-02-25;40 798,0;;
2018-02-26;51 496,0;;
2018-02-27;49 996,0;;
2018-02-28;50 696,0;;
2018-03-01;49 895,6;;
2018-03-02;49 396,0;;
2018-03-03;39 001,1;;
2018-03-04;31 996,7;;
2018-03-05;49 897,0;;
2018-03-06;48 597,0;;
2018-03-07;44 297,0;;
2018-03-08;43 407,0;;
2018-03-09;42 198,0;;
2018-03-10;30 685,7;;
2018-03-11;23 897,0;;
2018-03-12;43 011,1;;
2018-03-13;42 882,6;;
2018-03-14;43 897,0;;
2018-03-15;42 997,0;;
2018-03-16;42 196,9;;
2018-03-17;37 416,5;;
2018-03-18;29 198,0;;
2018-03-19;50 797,8;;
2018-03-20;51 375,4;;
2018-03-21;49 420,6;;
2018-03-22;44 297,8;;
2018-03-23;42 098,0;;
2018-03-24;30 698,0;;
2018-03-25;22 270,3;;
2018-03-26;39 697,0;;
2018-03-27;38 226,5;;
2018-03-28;39 467,2;;
2018-03-29;38 597,0;;
2018-03-30;32 997,0;;
2018-03-31;27 730,8;;
2018-04-01;22 398,0;;
2018-04-02;31 497,9;;
2018-04-03;39 161,0;;
2018-04-04;39 897,0;;
2018-04-05;40 635,9;;
2018-04-06;39 257,8;;
2018-04-07;30 497,0;;
2018-04-08;23 839,1;;
2018-04-09;46 997,9;;
2018-04-10;43 554,0;;
2018-04-11;45 741,9;;
2018-04-12;47 151,8;;
2018-04-13;45 044,1;;
2018-04-14;33 398,0;;
2018-04-15;24 197,9;;
2018-04-16;44 847,7;;
2018-04-17;46 197,0;;
2018-04-18;46 497,0;;
2018-04-19;47 896,7;;
2018-04-20;47 597,0;;
2018-04-21;37 197,0;;
2018-04-22;27 096,9;;
2018-04-23;50 497,2;;
2018-04-24;48 355,3;;
2018-04-25;49 938,5;;
2018-04-26;44 596,8;;
2018-04-27;43 597,0;;
2018-04-28;36 397,0;;
2018-04-29;30 896,7;;
2018-04-30;49 332,4;;
2018-05-01;35 261,6;;
2018-05-02;50 897,0;;
2018-05-03;50 329,3;;
2018-05-04;46 464,4;;
2018-05-05;35 866,7;;
2018-05-06;29 527,3;;
2018-05-07;47 068,4;;
2018-05-08;46 725,3;;
2018-05-09;48 497,2;;
2018-05-10;39 396,7;;
2018-05-11;43 797,0;;
2018-05-12;35 797,0;;
2018-05-13;27 274,8;;
2018-05-14;46 418,9;;
2018-05-15;43 176,9;;
2018-05-16;45 017,1;;
2018-05-17;43 978,9;;
2018-05-18;44 897,8;;
2018-05-19;34 314,0;;
2018-05-20;26 982,0;;
2018-05-21;37 712,0;;
2018-05-22;47 896,7;;
2018-05-23;50 797,0;;
2018-05-24;50 697,0;;
2018-05-25;46 196,7;;
2018-05-26;37 905,8;;
2018-05-27;29 488,5;;
2018-05-28;53 197,0;;
2018-05-29;53 496,7;;
2018-05-30;50 097,0;;
2018-05-31;42 697,0;;
2018-06-01;48 197,0;;
2018-06-02;39 097,0;;
2018-06-03;30 396,7;;
2018-06-04;52 596,7;;
2018-06-05;52 497,3;;
2018-06-06;51 996,7;;
2018-06-07;50 597,0;;
2018-06-08;53 097,0;;
2018-06-09;39 796,7;;
2018-06-10;31 397,0;;
2018-06-11;55 289,9;;
2018-06-12;54 104,4;;
2018-06-13;48 996,7;;
2018-06-14;46 797,0;;
2018-06-15;46 697,0;;
2018-06-16;37 896,7;;
2018-06-17;33 297,0;;
2018-06-18;52 397,0;;
2018-06-19;52 381,3;;
2018-06-20;53 695,6;;
2018-06-21;54 813,8;;
2018-06-22;45 297,0;;
2018-06-23;35 497,0;;
2018-06-24;29 996,7;;
2018-06-25;45 197,0;;
2018-06-26;46 697,3;;
2018-06-27;45 796,7;;
2018-06-28;47 072,1;;
2018-06-29;48 021,9;;
2018-06-30;35 297,0;;
2018-07-01;26 296,8;;
2018-07-02;44 096,9;;
2018-07-03;45 497,0;;
2018-07-04;46 996,8;;
2018-07-05;48 396,9;;
2018-07-06;45 163,9;;
2018-07-07;35 730,1;;
2018-07-08;28 096,8;;
2018-07-09;47 297,2;;
2018-07-10;45 659,4;;
2018-07-11;42 834,6;;
2018-07-12;44 696,7;;
2018-07-13;44 997,0;;
2018-07-14;35 497,0;;
2018-07-15;29 596,8;;
2018-07-16;46 496,9;;
2018-07-17;45 497,0;;
2018-07-18;45 697,0;;
2018-07-19;46 796,8;;
2018-07-20;46 696,9;;
2018-07-21;35 897,0;;
2018-07-22;27 046,4;;
2018-07-23;45 596,9;;
2018-07-24;47 047,7;;
2018-07-25;47 397,0;;
2018-07-26;46 696,8;;
2018-07-27;47 096,8;;
2018-07-28;37 262,0;;
2018-07-29;30 197,0;;
2018-07-30;50 194,4;;
2018-07-31;49 699,2;;
2018-08-01;50 492,3;;
2018-08-02;50 301,7;;
2018-08-03;49 690,8;;
2018-08-04;39 103,3;;
2018-08-05;30 497,0;;
2018-08-06;49 887,3;;
2018-08-07;50 106,7;;
2018-08-08;51 496,7;;
2018-08-09;51 284,2;;
2018-08-10;47 909,8;;
2018-08-11;35 197,0;;
2018-08-12;28 896,7;;
2018-08-13;49 380,1;;
2018-08-14;46 296,0;;
2018-08-15;31 514,9;;
2018-08-16;46 577,1;;
2018-08-17;46 116,6;;
2018-08-18;36 797,0;;
2018-08-19;30 197,0;;
2018-08-20;49 997,0;;
2018-08-21;49 797,0;;
2018-08-22;49 696,9;;
2018-08-23;50 297,1;;
2018-08-24;47 897,0;;
2018-08-25;32 696,7;;
2018-08-26;26 027,1;;
2018-08-27;43 266,9;;
2018-08-28;45 496,7;;
2018-08-29;46 363,8;;
2018-08-30;46 230,2;;
2018-08-31;42 396,8;;
2018-09-01;32 196,9;;
2018-09-02;26 134,3;;
2018-09-03;45 659,7;;
2018-09-04;45 157,7;;
2018-09-05;46 836,0;;
2018-09-06;46 397,3;;
2018-09-07;44 497,0;;
2018-09-08;35 596,8;;
2018-09-09;27 196,9;;
2018-09-10;47 397,0;;
2018-09-11;48 197,0;;
2018-09-12;47 749,1;;
2018-09-13;48 444,6;;
2018-09-14;45 097,0;;
2018-09-15;34 197,0;;
2018-09-16;26 848,3;;
2018-09-17;47 145,3;;
2018-09-18;48 597,0;;
2018-09-19;47 397,0;;
2018-09-20;47 796,8;;
2018-09-21;48 097,0;;
2018-09-22;32 654,9;;
2018-09-23;28 639,2;;
2018-09-24;43 296,8;;
2018-09-25;41 497,0;;
2018-09-26;42 896,9;;
2018-09-27;44 996,8;;
2018-09-28;44 997,0;;
2018-09-29;33 861,9;;
2018-09-30;28 531,8;;
2018-10-01;42 497,0;;
2018-10-02;41 697,0;;
2018-10-03;42 665,9;;
2018-10-04;43 027,8;;
2018-10-05;42 168,0;;
2018-10-06;33 326,0;;
2018-10-07;26 670,0;;
2018-10-08;45 398,0;;
2018-10-09;45 922,9;;
2018-10-10;47 396,9;;
2018-10-11;46 896,8;;
2018-10-12;45 897,0;;
2018-10-13;35 097,0;;
2018-10-14;26 996,9;;
2018-10-15;840,7;;
2018-10-16;0,0;;
2018-10-17;0,0;;
2018-10-18;0,0;;
2018-10-19;0,0;;
2018-10-20;0,0;;
2018-10-21;0,0;;
2018-10-22;327 122,9;;
2018-10-23;44 598,2;;
2018-10-24;44 507,6;;
2018-10-25;43 896,7;;
2018-10-26;29 397,0;;
2018-10-27;32 190,6;;
2018-10-28;25 497,8;;
2018-10-29;45 502,3;;
2018-10-30;45 293,7;;
2018-10-31;43 797,8;;
2018-11-01;28 299,2;;
2018-11-02;40 296,8;;
2018-11-03;31 198,0;;
2018-11-04;24 397,8;;
2018-11-05;43 698,2;;
2018-11-06;44 797,8;;
2018-11-07;44 193,1;;
2018-11-08;44 302,9;;
2018-11-09;43 298,0;;
2018-11-10;35 190,1;;
2018-11-11;28 396,7;;
2018-11-12;45 097,0;;
2018-11-13;44 297,0;;
2018-11-14;44 997,0;;
2018-11-15;45 096,7;;
2018-11-16;44 482,9;;
2018-11-17;35 526,2;;
2018-11-18;31 298,0;;
2018-11-19;51 997,8;;
2018-11-20;51 098,0;;
2018-11-21;48 559,6;;
2018-11-22;49 636,4;;
2018-11-23;46 155,1;;
2018-11-24;34 740,7;;
2018-11-25;27 874,7;;
2018-11-26;47 421,3;;
2018-11-27;52 372,4;;
2018-11-28;49 497,3;;
2018-11-29;52 124,3;;
2018-11-30;53 269,7;;
2018-12-01;42 626,1;;
2018-12-02;32 067,6;;
2018-12-03;51 597,0;;
2018-12-04;43 897,0;;
2018-12-05;47 096,7;;
2018-12-06;50 197,0;;
2018-12-07;46 997,0;;
2018-12-08;27 433,3;;
2018-12-09;26 298,0;;
2018-12-10;46 659,3;;
2018-12-11;50 097,0;;
2018-12-12;52 797,0;;
2018-12-13;54 397,0;;
2018-12-14;52 839,7;;
2018-12-15;40 597,8;;
2018-12-16;8 087,6;;
2018-12-17;42 300,0;;
2018-12-18;0,0;;
2018-12-19;130 104,2;;
2018-12-20;53 749,1;;
2018-12-21;49 197,0;;
2018-12-22;31 147,7;;
2018-12-23;24 546,0;;
2018-12-24;30 997,0;;
2018-12-25;31 850,8;;
2018-12-26;30 843,0;;
2018-12-27;31 753,2;;
2018-12-28;31 597,8;;
2018-12-29;28 139,9;;
2018-12-30;25 956,1;;
2018-12-31;30 897,8;;
2019-01-01;28 375,6;;
2019-01-02;46 158,2;;
2019-01-03;49 597,0;;
2019-01-04;48 796,9;;
2019-01-05;37 896,8;;
2019-01-06;28 763,3;;
2019-01-07;54 230,7;;
2019-01-08;48 865,1;;
2019-01-09;50 228,6;;
2019-01-10;51 726,6;;
2019-01-11;51 967,4;;
2019-01-12;38 269,2;;
2019-01-13;30 324,5;;
2019-01-14;48 222,5;;
2019-01-15;51 046,8;;
2019-01-16;47 521,4;;
2019-01-17;46 219,7;;
2019-01-18;47 795,9;;
2019-01-19;41 355,0;;
2019-01-20;32 317,3;;
2019-01-21;51 896,9;;
2019-01-22;52 896,7;;
2019-01-23;52 597,0;;
2019-01-24;52 897,0;;
2019-01-25;50 796,7;;
2019-01-26;38 183,9;;
2019-01-27;28 797,8;;
2019-01-28;48 498,2;;
2019-01-29;46 608,1;;
2019-01-30;48 097,0;;
2019-01-31;50 296,7;;
2019-02-01;44 897,0;;
2019-02-02;29 791,0;;
2019-02-03;22 297,8;;
2019-02-04;44 805,8;;
2019-02-05;6 884,4;;
2019-02-06;0,0;;
2019-02-07;0,0;;
2019-02-08;0,0;;
2019-02-09;0,0;;
2019-02-10;0,0;;
2019-02-11;247 100,0;;
2019-02-12;74 287,0;;
2019-02-13;44 297,0;;
2019-02-14;42 796,7;;
2019-02-15;41 897,0;;
2019-02-16;32 905,4;;
2019-02-17;27 788,6;;
2019-02-18;43 907,3;;
2019-02-19;43 086,4;;
2019-02-20;41 684,4;;
2019-02-21;38 315,6;;
2019-02-22;42 607,9;;
2019-02-23;41 180,0;;
2019-02-24;30 613,6;;
2019-02-25;41 480,1;;
2019-02-26;41 397,0;;
2019-02-27;41 697,0;;
2019-02-28;41 896,7;;
2019-03-01;41 096,9;;
2019-03-02;33 097,0;;
2019-03-03;24 420,8;;
2019-03-04;42 397,8;;
2019-03-05;41 298,0;;
2019-03-06;41 071,1;;
2019-03-07;43 569,0;;
2019-03-08;41 725,0;;
2019-03-09;30 675,8;;
2019-03-10;23 918,2;;
2019-03-11;44 696,7;;
2019-03-12;44 530,0;;
2019-03-13;44 464,0;;
2019-03-14;42 596,8;;
2019-03-15;40 596,9;;
2019-03-16;30 934,1;;
2019-03-17;24 198,0;;
2019-03-18;43 597,9;;
2019-03-19;42 957,7;;
2019-03-20;43 338,2;;
2019-03-21;42 755,8;;
2019-03-22;41 740,0;;
2019-03-23;31 853,7;;
2019-03-24;24 042,3;;
2019-03-25;42 451,3;;
2019-03-26;42 697,0;;
2019-03-27;42 636,3;;
2019-03-28;41 531,9;;
2019-03-29;39 463,9;;
2019-03-30;31 198,2;;
2019-03-31;23 797,9;;
2019-04-01;40 998,2;;
2019-04-02;43 397,9;;
2019-04-03;43 025,6;;
2019-04-04;43 397,0;;
2019-04-05;9 819,7;;
2019-04-06;0,0;;
2019-04-07;0,0;;
2019-04-08;0,0;;
2019-04-09;0,0;;
2019-04-10;0,0;;
2019-04-11;0,0;;
2019-04-12;0,0;;
2019-04-13;0,0;;
2019-04-14;0,0;;
2019-04-15;0,0;;
2019-04-16;0,0;;
2019-04-17;0,0;;
2019-04-18;0,0;;
2019-04-19;0,0;;
2019-04-20;0,0;;
2019-04-21;0,0;;
2019-04-22;0,0;;
2019-04-23;0,0;;
2019-04-24;0,0;;
2019-04-25;0,0;;
2019-04-26;803 908,4;;
2019-04-27;30 098,0;;
2019-04-28;23 498,0;;
2019-04-29;12 895,6;;
2019-04-30;0,0;;
2019-05-01;0,0;;
2019-05-02;147 594,0;;
2019-05-03;41 197,0;;
2019-05-04;30 297,0;;
2019-05-05;27 097,0;;
2019-05-06;44 203,0;;
2019-05-07;41 390,7;;
2019-05-08;43 797,0;;
2019-05-09;44 687,9;;
2019-05-10;43 405,8;;
2019-05-11;33 797,0;;
2019-05-12;24 709,2;;
2019-05-13;43 698,0;;
2019-05-14;43 383,5;;
2019-05-15;44 497,0;;
2019-05-16;42 197,0;;
2019-05-17;39 796,7;;
2019-05-18;31 597,2;;
2019-05-19;27 016,4;;
2019-05-20;45 277,7;;
2019-05-21;44 496,7;;
2019-05-22;43 796,9;;
2019-05-23;41 297,0;;
2019-05-24;44 572,1;;
2019-05-25;35 947,1;;
2019-05-26;26 997,8;;
2019-05-27;46 897,9;;
2019-05-28;45 269,3;;
2019-05-29;42 097,0;;
2019-05-30;31 927,5;;
2019-05-31;40 966,2;;
2019-06-01;36 097,2;;
2019-06-02;28 497,0;;
2019-06-03;52 196,7;;
2019-06-04;52 697,1;;
2019-06-05;11 707,3;;
2019-06-06;0,0;;
2019-06-07;0,0;;
2019-06-08;0,0;;
2019-06-09;0,0;;
2019-06-10;0,0;;
2019-06-11;0,0;;
2019-06-12;0,0;;
2019-06-13;0,0;;
2019-06-14;0,0;;
2019-06-15;0,0;;
2019-06-16;0,0;;
2019-06-17;0,0;;
2019-06-18;0,0;;
2019-06-19;0,0;;
2019-06-20;0,0;;
2019-06-21;0,0;;
2019-06-22;0,0;;
2019-06-23;0,0;;
2019-06-24;0,0;;
2019-06-25;0,0;;
2019-06-26;1 063 966,2;;
2019-06-27;59 996,0;;
2019-06-28;49 556,6;;
2019-06-29;38 996,9;;
2019-06-30;31 397,0;;
2019-07-01;52 933,6;;
2019-07-02;48 460,4;;
2019-07-03;45 996,9;;
2019-07-04;46 830,2;;
2019-07-05;46 463,6;;
2019-07-06;37 296,9;;
2019-07-07;29 196,8;;
2019-07-08;44 597,0;;
2019-07-09;43 197,0;;
2019-07-10;43 096,9;;
2019-07-11;45 196,8;;
2019-07-12;43 697,0;;
2019-07-13;32 272,7;;
2019-07-14;27 620,9;;
2019-07-15;44 997,0;;
2019-07-16;46 397,0;;
2019-07-17;47 397,0;;
2019-07-18;47 097,0;;
2019-07-19;46 715,1;;
2019-07-20;36 978,8;;
2019-07-21;29 496,7;;
2019-07-22;50 297,0;;
2019-07-23;50 497,0;;
2019-07-24;50 596,7;;
2019-07-25;50 697,0;;
2019-07-26;49 707,9;;
2019-07-27;32 286,1;;
2019-07-28;28 487,9;;
2019-07-29;46 805,8;;
2019-07-30;48 897,0;;
2019-07-31;49 197,0;;
2019-08-01;47 296,7;;
2019-08-02;44 697,0;;
2019-08-03;33 897,0;;
2019-08-04;29 296,7;;
2019-08-05;48 497,0;;
2019-08-06;48 997,0;;
2019-08-07;49 595,6;;
2019-08-08;47 998,1;;
2019-08-09;48 897,0;;
2019-08-10;40 197,0;;
2019-08-11;30 496,7;;
2019-08-12;50 690,7;;
2019-08-13;44 795,6;;
2019-08-14;43 805,0;;
2019-08-15;31 896,6;;
2019-08-16;42 397,0;;
2019-08-17;34 097,0;;
2019-08-18;30 496,7;;
2019-08-19;49 797,0;;
2019-08-20;49 682,2;;
2019-08-21;43 511,5;;
2019-08-22;44 097,0;;
2019-08-23;45 864,7;;
2019-08-24;36 596,7;;
2019-08-25;29 297,0;;
2019-08-26;48 596,7;;
2019-08-27;51 197,3;;
2019-08-28;52 496,6;;
2019-08-29;51 497,1;;
2019-08-30;49 394,4;;
2019-08-31;39 899,6;;
2019-09-01;30 501,3;;
2019-09-02;46 092,3;;
2019-09-03;45 397,0;;
2019-09-04;46 796,7;;
2019-09-05;48 897,3;;
2019-09-06;43 697,0;;
2019-09-07;31 196,7;;
2019-09-08;25 697,0;;
2019-09-09;42 196,7;;
2019-09-10;43 897,0;;
2019-09-11;46 497,0;;
2019-09-12;47 097,0;;
2019-09-13;47 196,7;;
2019-09-14;34 615,0;;
2019-09-15;28 498,0;;
2019-09-16;48 477,7;;
2019-09-17;44 597,2;;
2019-09-18;42 897,1;;
2019-09-19;41 496,7;;
2019-09-20;39 596,9;;
2019-09-21;30 822,1;;
2019-09-22;26 271,9;;
2019-09-23;45 996,8;;
2019-09-24;46 796,9;;
2019-09-25;45 097,0;;
2019-09-26;45 196,7;;
2019-09-27;45 897,0;;
2019-09-28;32 197,0;;
2019-09-29;28 096,7;;
2019-09-30;47 762,6;;
2019-10-01;47 331,6;;
2019-10-02;44 396,9;;
2019-10-03;40 659,6;;
2019-10-04;39 765,3;;
2019-10-05;30 384,4;;
2019-10-06;25 000,0;;
2019-10-07;41 000,0;;
2019-10-08;42 000,0;;
2019-10-09;42 000,0;;
2019-10-10;41 000,0;;
2019-10-11;42 000,0;;
2019-10-12;31 000,0;;
2019-10-13;24 000,0;;
2019-10-14;42 545,6;;
2019-10-15;48 454,4;;
2019-10-16;48 000,0;;
2019-10-17;45 000,0;;
2019-10-18;40 504,4;;
2019-10-19;31 495,6;;
2019-10-20;24 000,0;;
2019-10-21;43 000,0;;
2019-10-22;46 463,3;;
2019-10-23;44 990,0;;
2019-10-24;46 989,5;;
2019-10-25;46 557,2;;
2019-10-26;26 000,0;;
2019-10-27;26 000,0;;
2019-10-28;43 000,0;;
2019-10-29;43 000,0;;
2019-10-30;44 000,0;;
2019-10-31;44 000,0;;
2019-11-01;26 361,1;;
2019-11-02;29 988,9;;
2019-11-03;24 650,0;;
2019-11-04;46 000,0;;
2019-11-05;44 000,0;;
2019-11-06;42 000,0;;
2019-11-07;42 298,9;;
2019-11-08;41 990,0;;
2019-11-09;33 711,1;;
2019-11-10;26 000,0;;
2019-11-11;45 000,0;;
2019-11-12;46 000,0;;
2019-11-13;48 000,0;;
2019-11-14;47 000,0;;
2019-11-15;43 217,8;;
2019-11-16;31 782,2;;
2019-11-17;26 000,0;;
2019-11-18;43 186,7;;
2019-11-19;43 813,3;;
2019-11-20;44 000,0;;
2019-11-21;43 155,6;;
2019-11-22;41 844,4;;
2019-11-23;34 000,0;;
2019-11-24;28 000,0;;
2019-11-25;46 000,0;;
2019-11-26;45 103,3;;
2019-11-27;46 896,7;;
2019-11-28;44 000,0;;
2019-11-29;42 000,0;;
2019-11-30;35 000,0;;
2019-12-01;28 053,3;;
2019-12-02;49 946,7;;
2019-12-03;48 000,0;;
2019-12-04;50 000,0;;
2019-12-05;52 011,1;;
2019-12-06;52 988,9;;
2019-12-07;36 000,0;;
2019-12-08;24 980,0;;
2019-12-09;48 990,0;;
2019-12-10;46 030,0;;
2019-12-11;50 750,0;;
2019-12-12;52 250,0;;
2019-12-13;50 729,2;;
2019-12-14;34 270,8;;
2019-12-15;27 000,0;;
2019-12-16;49 000,0;;
2019-12-17;20 000,0;;
2019-12-18;0,0;;
2019-12-19;0,0;;
2019-12-20;0,0;;
2019-12-21;0,0;;
2019-12-22;0,0;;
2019-12-23;70 322,8;;
2019-12-24;99 815,9;;
2019-12-25;99 815,9;;
2019-12-26;76 045,5;;
2019-12-27;37 252,2;;
2019-12-28;33 990,0;;
2019-12-29;28 757,8;;
2019-12-30;44 000,0;;
2019-12-31;36 000,0;;
